137.312070 26.426860 26.059218 24.373971 29.195466 25.160466 27.093124 27.196063 28.012135 28.197344 28.864268 26.242923 26.479267 25.739111 27.029763 28.457314 22.802146 27.574496 27.719365 26.786829 26.874436 28.218992 27.528729 26.544101 26.315463 23.520950 27.598140 24.866584 27.192317 25.609785 26.082870 24.923492 28.734024 24.871901 24.351379 24.414240 26.848737 24.171901 24.355496 26.440237 25.703579 28.811424 23.922159 27.328467 22.379528 25.814463 28.826773 24.167778 25.306887 27.404143 25.889752 24.305197 25.764631 25.620896 24.672761 22.771532 25.473501 24.518294 21.832215 26.516383 24.437346 26.539130 26.324068 26.083499 27.298246 26.771469 25.556779 28.596851 25.894716 26.510310 26.769941 26.631998 27.598002 28.371183 28.189943 25.251456 23.784297 28.713422 27.777364 26.463239 25.029747 25.004793 25.591922 26.585186 27.208726 25.058647 27.057551 26.319596 24.896138 23.875775 28.618266 25.016883 27.795206 27.428236 25.108129 28.173321 26.702011 29.742348 25.311281 27.921670
26.426860 135.534917 24.275053 25.333274 25.279643 24.960110 25.053743 29.014819 29.251414 26.298147 29.036222 27.229562 25.174896 23.543667 27.949647 27.025462 23.698718 26.929736 29.257054 24.434224 26.740813 26.774902 27.124694 26.655998 26.511676 22.149179 25.396950 25.343126 27.089914 27.536955 24.383287 24.508923 28.556236 24.089306 22.505067 23.772452 28.004390 22.777438 25.625185 27.141240 23.845291 28.281236 26.278991 27.066908 24.661006 25.344093 25.889481 23.695732 25.844285 26.666015 26.013432 23.639624 26.581994 27.276114 24.210037 22.141033 24.538463 27.018921 24.878914 28.268793 25.843238 26.409210 26.545605 24.154251 26.899134 23.123717 24.066890 29.303448 25.088509 27.784082 26.131424 24.848861 24.504028 27.470131 28.143723 25.315100 25.767434 27.410650 25.454627 26.016378 24.434718 26.606218 25.495097 25.507494 24.956459 24.019262 28.341426 27.205635 25.322260 24.546228 28.935296 25.725158 27.264877 26.435657 22.160376 28.500006 27.292889 28.674608 25.089734 27.274121
26.059218 24.275053 132.269067 22.413629 25.450999 24.541973 24.194842 24.292256 26.440878 23.039658 28.407704 25.823814 23.605800 22.526563 25.180068 26.100536 21.958783 24.149207 24.476803 22.499422 24.610875 23.509890 25.815598 24.226645 24.545466 22.637991 25.908932 26.196650 24.198316 24.295172 24.879165 22.109439 24.591659 24.969238 19.337793 21.803752 24.156865 21.057632 22.341891 23.928752 24.036437 26.768294 21.998533 26.147121 23.290394 24.255196 25.961254 24.902808 23.607292 25.991249 22.553731 22.063925 24.477035 23.274636 24.421888 22.136446 23.481299 24.201610 22.372020 25.337039 24.394154 25.045294 25.653581 25.468246 25.310266 23.211111 20.482674 26.125628 23.881480 25.557023 23.729957 24.785767 23.929247 26.084662 26.409509 24.583859 23.391084 26.354228 24.310816 26.143753 22.416799 24.131803 22.213682 25.408780 26.276901 24.123993 24.598382 24.567575 24.829590 23.303827 27.056870 24.009742 27.065737 26.665114 21.984515 26.540849 24.555893 26.483791 25.416255 26.652483
24.373971 25.333274 22.413629 129.962924 25.167416 23.529765 23.900405 25.366543 25.452065 23.618832 26.041395 24.104468 22.158753 20.378675 24.446131 24.386803 22.165618 23.859474 25.628609 20.648530 24.365125 24.027214 25.465612 25.072459 24.087973 19.902452 23.869983 23.447313 24.986771 23.360588 21.732043 19.859142 25.138948 23.261720 20.389726 20.803331 22.550633 19.212439 22.969235 22.617848 22.470177 27.367556 21.167719 22.929230 21.233094 21.837176 24.762124 23.304027 21.624361 24.554477 22.564130 21.897541 23.731656 24.829725 22.314358 21.601725 23.399922 22.908677 22.544307 25.334769 21.001091 22.209095 23.360266 21.990138 24.545095 21.905406 21.114354 24.685955 24.226655 22.997788 22.959973 23.590586 22.736744 25.230940 25.739524 24.619970 23.107971 26.733612 23.280870 23.316222 21.917013 22.742293 23.012822 23.483660 25.338636 19.985083 24.416107 24.253476 22.243999 21.526172 27.020521 22.625489 22.296982 25.519581 20.762547 24.966917 24.482051 23.904827 24.366138 23.790435
29.195466 25.279643 25.450999 25.167416 135.985421 27.508624 24.171141 27.348862 27.428272 26.987222 30.792326 27.681305 25.299413 24.411753 27.516586 26.169356 22.482879 26.667025 26.775378 25.877987 24.783232 26.952140 28.415557 25.383795 27.481975 23.274433 26.921903 25.670748 27.317405 25.205952 25.326325 23.262551 28.586860 25.236943 22.921880 23.253765 25.551584 25.299216 24.127144 25.516462 24.574176 28.540025 25.118444 25.852757 23.091464 25.582409 28.625964 25.098037 24.646204 27.362292 23.479981 24.640295 26.615090 26.045778 25.958806 24.816945 27.568385 24.605818 23.223174 26.138980 24.574277 26.651917 26.635979 24.609272 27.088022 26.028298 23.681557 27.835010 24.119827 27.165559 26.379185 25.938480 25.234927 28.830318 29.067283 26.546808 25.153854 28.354924 27.930474 27.072251 24.684464 26.447545 24.638414 28.430217 26.251720 25.577227 27.918946 26.368028 24.732186 24.914019 29.159381 26.078726 27.086621 26.872460 24.840475 28.627943 27.918290 29.244468 27.375369 25.880256
25.160466 24.960110 24.541973 23.529765 27.508624 133.794721 23.740209 26.578344 28.719450 26.503224 29.079365 26.676975 24.302992 24.170754 25.622266 25.319154 20.317181 26.348790 25.439409 23.647877 24.142443 25.967359 25.771277 25.309107 24.216600 22.421910 24.457668 24.981972 26.697225 25.455444 24.293829 21.841434 27.029100 24.595277 23.527072 25.020428 24.509582 22.048965 22.163976 23.497686 25.212078 27.040491 21.584591 25.958045 23.006718 24.487504 26.199801 22.508380 23.164874 26.924868 23.503845 24.015616 25.084920 23.687123 24.958692 21.802371 25.977376 24.297579 24.050470 27.286668 25.399487 25.231908 25.523259 24.171445 25.291527 24.511252 22.312753 26.359356 23.818642 25.032854 24.938421 23.744756 24.544490 27.515108 25.628185 24.986526 24.397937 27.489660 25.091880 25.335120 23.572097 25.157173 25.129314 27.143146 25.345623 24.336363 28.418610 26.631110 26.185803 25.118418 27.412558 25.657054 27.126718 26.267768 22.746197 25.800948 26.855674 26.545646 27.343087 25.377801
27.093124 25.053743 24.194842 23.900405 24.171141 23.740209 133.254003 24.807594 26.053505 25.659325 26.216097 25.609141 23.539925 25.025342 25.665811 24.956711 22.810629 24.946057 25.603013 24.849126 26.235418 24.291643 26.953896 25.729984 25.572775 22.247947 25.932377 23.777637 25.698345 24.398678 23.961842 22.856678 26.205271 23.800769 22.083748 22.674894 25.837120 23.087638 25.130077 24.704615 24.413890 26.617312 22.371381 25.893546 23.763874 24.365264 27.231754 24.514480 22.854536 26.814598 24.125205 22.033846 24.246516 22.299486 24.627810 21.282314 24.950191 24.452157 22.060797 26.737123 23.827665 24.110626 24.762777 22.922058 26.327884 23.813853 23.131713 26.317681 26.125930 24.628345 24.678098 24.340044 25.749363 27.745333 27.407990 25.994293 23.372987 25.314320 24.584502 25.391683 24.494255 24.754001 24.937430 24.623983 25.883753 21.797152 24.268879 25.437304 25.302498 24.469875 28.050837 24.059460 26.280901 25.129438 21.933236 25.743546 24.711229 25.670863 25.668453 25.482836
27.196063 29.014819 24.292256 25.366543 27.348862 26.578344 24.807594 136.605226 29.723816 27.621335 31.781578 28.539923 27.050314 24.790208 27.669555 26.775710 23.713678 28.064145 28.091554 25.803494 27.532832 27.679257 27.898198 25.897490 27.481785 23.282705 27.479664 24.016834 27.703123 29.377294 26.407137 25.015752 29.794389 25.443813 23.243753 23.182980 27.342818 24.062114 24.392308 26.598558 25.363202 30.706840 26.203374 27.197981 23.578194 27.570648 26.590642 24.899374 23.693709 28.911227 25.913383 23.837183 27.030128 26.434963 27.657122 23.971049 25.339521 26.586839 25.144563 27.156627 26.179497 26.561244 27.115951 24.693212 28.529148 24.957120 24.244927 28.048740 26.293580 26.427793 26.506365 26.021535 25.580869 29.390367 30.164375 26.549050 26.171142 30.721510 27.579398 27.238157 24.453685 26.732566 27.256855 26.476888 26.129866 24.908041 28.035227 27.151192 26.914089 24.747563 28.370978 25.949098 27.700340 27.807589 23.787845 28.408762 27.332755 28.787113 26.127609 26.656190
28.012135 29.251414 26.440878 25.452065 27.428272 28.719450 26.053505 29.723816 138.874854 29.398137 31.577886 30.170265 27.431079 25.738100 28.494346 29.012521 23.346500 27.382715 29.280688 25.995290 27.001005 26.085161 28.638575 26.177268 27.835793 23.767212 26.617282 27.136072 29.082227 28.512901 24.065266 25.217628 30.033685 27.099207 22.969482 26.365100 27.404960 23.618174 25.509814 26.224676 25.947423 30.247252 25.377800 28.946531 24.206752 27.074651 28.433976 23.244747 26.263022 30.105945 25.698054 24.284735 26.702681 26.266540 27.257918 26.210621 27.486028 25.906607 27.244483 29.057826 26.550629 27.666232 29.452421 25.985505 27.893430 25.848649 25.636539 28.570850 25.801156 29.438048 27.706693 25.458003 27.343774 30.009430 28.385580 27.964591 27.214421 28.841403 26.349919 28.338208 25.715377 27.507819 27.041868 29.663667 28.895362 25.645769 30.258356 30.201114 28.140985 26.225167 29.289740 27.974450 28.698449 28.076749 23.329045 28.597288 27.339912 28.874270 27.181851 29.333144
28.197344 26.298147 23.039658 23.618832 26.987222 26.503224 25.659325 27.621335 29.398137 135.040926 28.827041 24.459817 25.399343 23.255478 25.891110 26.834263 22.049472 27.009859 27.186809 24.501331 26.796390 27.164213 26.411810 23.850031 26.346250 21.967113 24.303802 25.845584 26.561263 26.170735 22.773800 24.212368 28.401170 23.479527 22.969155 24.991598 25.776358 22.977181 23.711704 24.559535 24.835470 27.915220 24.171713 25.951345 23.411905 26.173884 26.326326 23.105339 23.282480 26.307082 24.115548 24.567697 24.816456 22.817847 25.413113 23.748493 25.761856 24.336512 23.323106 25.952404 25.412579 25.222671 25.987747 23.816679 25.104269 24.009313 23.660453 26.602359 25.034961 25.820506 26.891654 24.903315 24.227192 28.862524 27.562119 26.429221 24.401841 28.144720 26.000510 25.914363 24.333215 24.237547 25.587734 26.665351 27.086708 22.563551 27.326488 26.596450 25.615288 23.417431 28.384714 24.899942 25.159811 26.195136 22.981406 26.664331 26.001072 28.596915 24.921123 26.195492
28.864268 29.036222 28.407704 26.041395 30.792326 29.079365 26.216097 31.781578 31.577886 28.827041 140.735948 29.939062 27.430454 25.778351 30.062224 30.778291 25.440090 29.064178 30.084712 27.469879 27.082318 28.781097 28.794486 27.640575 29.875481 24.684758 27.419053 27.790865 29.394202 27.745195 27.225590 25.718179 29.928461 26.642572 23.478990 25.720198 28.065458 24.874949 26.059465 27.774561 27.465099 31.661838 26.472248 29.365415 23.312111 27.393911 29.128549 25.383500 26.617871 30.690629 27.506788 24.812489 29.476684 26.689304 26.448189 25.623777 28.856254 28.152021 25.847501 29.403075 27.722697 29.048778 28.308798 25.453856 29.157564 26.593150 24.859962 30.720307 27.148252 29.258709 28.899641 27.820920 26.579971 31.393446 30.992910 28.594884 28.643649 31.375080 29.485065 29.064059 26.081387 27.753271 28.434074 30.041263 29.116806 27.848428 30.758588 28.444010 29.176550 27.588219 31.042538 28.184207 30.957842 27.669565 26.608807 30.712555 29.740703 30.367214 28.977827 29.574955
26.242923 27.229562 25.823814 24.104468 27.681305 26.676975 25.609141 28.539923 30.170265 24.459817 29.939062 136.673420 25.990069 25.147549 28.206397 27.235957 24.328821 26.196317 26.638189 25.951332 25.866248 25.368586 27.824572 27.419385 28.068961 24.665947 27.007358 25.931899 26.960115 27.302933 26.815018 25.210549 27.604201 24.844965 20.074420 24.613980 25.864639 22.924092 24.772073 26.348682 25.621677 29.064029 24.208056 27.078852 24.267894 24.679648 26.030466 23.672769 25.447380 28.301338 24.208500 23.894582 24.828643 25.894581 25.908833 25.145495 27.457130 25.575818 25.800618 25.809660 25.643491 27.785823 27.332345 24.743470 26.403337 24.680122 24.245646 28.662586 25.568099 27.148781 25.148382 25.210178 24.774340 27.277543 28.809522 27.120522 27.330914 26.621145 27.065645 27.455399 24.817067 27.254777 24.141550 28.554073 26.567932 25.012338 27.786718 27.239643 25.900236 25.141373 27.472543 25.970754 27.415790 28.483983 24.088933 28.118748 28.336478 29.075239 26.276925 26.734711
26.479267 25.174896 23.605800 22.158753 25.299413 24.302992 23.539925 27.050314 27.431079 25.399343 27.430454 25.990069 131.346985 23.043739 24.835709 23.728729 21.494439 24.768406 26.458582 23.875770 23.827457 26.054674 26.072111 24.279652 24.499872 20.744469 24.468659 23.533807 25.648479 25.426315 23.035893 23.241183 25.764501 23.833641 20.774496 22.626714 25.214067 22.071556 21.771374 24.646145 24.050723 27.050705 22.967057 25.568723 20.163982 24.445641 24.957804 22.362950 23.294138 25.765405 22.450864 21.622413 23.783979 22.928046 24.226680 20.785220 25.600843 24.041718 21.902173 24.286989 23.632490 25.481229 24.365162 24.270691 24.700375 23.576756 21.747743 25.605420 23.153246 24.478890 25.514795 22.927760 22.533511 25.273272 25.805601 26.828780 23.431474 27.062662 23.965480 25.231240 21.690353 22.992929 23.475528 24.446525 24.522496 21.420981 26.100354 24.474453 23.645134 23.834967 24.727549 24.186230 26.122139 25.806071 21.717449 25.636341 26.340456 26.252669 22.546221 24.652327
25.739111 23.543667 22.526563 20.378675 24.411753 24.170754 25.025342 24.790208 25.738100 23.255478 25.778351 25.147549 23.043739 130.788016 25.257502 25.643326 20.504118 23.983093 24.326557 23.241555 23.566226 24.164399 24.840327 22.990056 22.833646 22.680913 23.917568 22.663305 25.225635 22.098419 23.882203 21.952695 25.684598 21.067899 20.414517 22.353942 22.982408 21.878911 21.262246 22.346798 23.252607 24.803810 20.930178 24.691128 21.876483 22.639301 25.217864 20.320545 21.962814 25.675907 22.820347 20.221056 22.715600 22.609043 22.849705 22.276205 23.413560 23.233999 21.447736 23.713028 22.603825 23.042177 24.269291 20.784831 23.490113 24.728410 20.857971 26.207665 23.113171 24.379057 23.909368 23.682460 25.797718 24.599806 24.996274 22.938308 22.054115 25.835805 23.922136 24.129459 22.340487 24.085559 23.313794 24.669531 24.264675 21.956553 24.955061 23.632027 24.206376 23.553424 25.164226 25.363977 25.290857 24.816335 22.015958 24.460571 23.087535 25.961301 23.596650 23.812188
27.029763 27.949647 25.180068 24.446131 27.516586 25.622266 25.665811 27.669555 28.494346 25.891110 30.062224 28.206397 24.835709 25.257502 135.942391 27.576016 24.221067 25.207797 26.813161 24.156468 26.156039 26.165510 29.086658 26.894125 27.219606 24.910790 27.346942 25.431826 27.371767 27.781756 24.482114 23.789505 28.425333 26.428122 22.132330 22.340557 24.712948 23.458334 24.693257 27.071361 24.287521 27.963480 25.511131 27.078073 23.561905 26.773639 25.540185 24.483792 24.992642 27.880095 25.956992 24.799937 24.897900 25.152813 25.795467 23.965024 26.706968 27.358515 24.176874 28.979972 25.377644 25.535344 28.659115 25.199150 28.016060 25.669203 22.788192 29.372387 25.565573 26.161920 25.347664 27.549264 25.999262 28.225515 28.654360 26.477302 25.903714 28.942160 25.415694 25.691185 25.954470 27.607637 24.857672 27.620996 27.455352 26.530659 28.510101 25.981257 27.357010 23.706106 27.798356 24.730471 26.900835 26.126092 22.618984 27.613825 27.224609 29.012148 27.829747 26.415152
28.457314 27.025462 26.100536 24.386803 26.169356 25.319154 24.956711 26.775710 29.012521 26.834263 30.778291 27.235957 23.728729 25.643326 27.576016 134.824710 23.897876 26.183903 26.933215 24.431805 25.690136 26.962827 27.361875 23.919271 26.563200 24.950612 25.036339 25.729814 27.594088 25.181043 25.107667 24.257041 28.571932 25.276627 22.825992 25.840931 25.508054 21.792094 23.776181 26.291502 24.547024 29.542676 24.461222 26.448698 23.400708 25.029170 26.834178 22.467990 24.628395 28.649328 24.168054 23.634243 25.022514 25.114763 25.208427 24.578474 27.119490 25.165099 24.289615 27.602400 23.724784 27.516153 26.924461 24.620003 25.453351 25.035041 23.549118 27.839261 25.388544 26.291095 26.528248 26.623570 25.701258 27.469778 27.989086 25.551028 26.074893 28.974933 26.393334 26.913766 23.790993 26.011240 26.438040 26.462118 26.488531 24.407386 27.229073 26.396017 25.292107 24.329138 28.550053 26.077000 26.970437 26.934496 23.320968 26.342646 25.421247 29.064066 26.548112 27.774206
22.802146 23.698718 21.958783 22.165618 22.482879 20.317181 22.810629 23.713678 23.346500 22.049472 25.440090 24.328821 21.494439 20.504118 24.221067 23.897876 128.424880 23.217169 26.196772 21.230758 23.022442 25.094310 21.620207 23.428220 24.533369 20.275556 24.365791 22.091489 23.279798 22.059672 21.993597 20.332298 23.313837 21.376572 19.065199 20.032348 22.717438 19.486295 20.877335 22.915769 20.222276 25.373109 20.623012 23.099147 20.278733 21.945592 22.888195 21.090197 21.128052 23.891634 21.888130 20.360449 22.406755 22.510432 21.137301 20.716145 21.019170 21.963868 21.731381 23.150304 21.429664 23.212655 23.235676 20.253067 23.717254 21.537957 19.528778 23.707631 21.886049 21.473155 23.883720 22.615224 22.182907 24.699731 24.699682 24.752092 23.015936 24.132202 24.021099 22.041702 21.507252 22.379081 22.278810 23.619688 23.365039 21.352244 23.974161 22.514947 21.563385 21.450579 24.454968 20.097657 22.087986 24.029955 19.544362 25.119723 22.835358 24.305993 23.386226 23.319751
27.574496 26.929736 24.149207 23.859474 26.667025 26.348790 24.946057 28.064145 27.382715 27.009859 29.064178 26.196317 24.768406 23.983093 25.207797 26.183903 23.217169 134.854010 26.977880 25.702606 27.448138 26.204973 24.636298 26.711439 24.750518 21.550576 25.050940 25.250022 26.946633 26.288717 23.323975 21.797156 27.796060 22.941037 22.476601 23.468582 25.353222 21.560211 21.936287 25.475924 23.375506 28.592937 23.062581 26.290032 23.458346 24.779669 28.698876 22.762132 23.044951 26.348203 24.834435 22.069789 25.032719 23.436201 25.313635 23.625947 24.939339 24.006277 24.726382 24.544248 24.164791 26.588583 25.489182 22.819077 24.596449 24.083759 23.129039 26.788255 24.449438 26.337527 25.497881 24.717043 24.533001 28.321178 28.395639 25.046223 25.800192 27.156538 25.983085 24.948539 24.099068 24.216145 25.971908 26.976094 26.340241 23.757704 26.926989 25.589153 24.520770 22.567867 28.787120 23.665134 25.184316 25.919952 23.620539 27.226637 25.296041 27.375245 26.295217 26.995418
27.719365 29.257054 24.476803 25.628609 26.775378 25.439409 25.603013 28.091554 29.280688 27.186809 30.084712 26.638189 26.458582 24.326557 26.813161 26.933215 26.196772 26.977880 136.645829 23.863157 26.443665 27.856126 26.208008 27.812927 27.218041 21.667703 25.818983 26.681907 28.113257 27.435705 23.404957 23.970507 27.863026 24.132211 21.752722 25.175906 27.322803 24.265432 23.876444 25.792998 23.596728 28.821610 23.444566 25.009524 22.863862 25.615156 28.549191 24.209299 23.900509 27.969126 25.638531 23.819530 26.921952 26.839239 25.862045 24.375249 24.854905 25.922061 24.125156 27.617080 25.687748 27.068288 27.878227 23.955261 27.078738 25.304281 25.185023 27.175693 24.679429 27.053356 25.699522 23.187525 25.117422 29.083552 28.627308 27.196206 25.436400 27.890777 25.897324 25.626094 24.217716 27.013626 26.431812 26.344072 26.633497 23.990450 27.427420 26.546002 25.129342 26.581733 27.320664 24.937428 26.743064 26.752248 23.419881 28.156515 26.887150 28.548261 25.904351 26.054634
26.786829 24.434224 22.499422 20.648530 25.877987 23.647877 24.849126 25.803494 25.995290 24.501331 27.469879 25.951332 23.875770 23.241555 24.156468 24.431805 21.230758 25.702606 23.863157 131.977928 23.732105 24.735920 26.259786 23.744102 26.030533 21.573289 24.966644 22.170541 24.962373 23.830856 22.676842 21.833285 25.180918 22.823975 21.529624 23.276021 24.944198 22.176034 23.824567 23.778275 22.731520 25.630178 22.852924 25.068117 21.210728 22.409140 24.671728 21.601917 22.698464 24.752631 22.830077 21.495293 23.733371 23.838202 23.560066 19.927718 24.068621 22.633618 21.109996 23.643717 23.567874 24.182327 21.075842 22.713304 25.299122 23.464710 21.724769 27.235659 23.147513 24.907327 25.540837 22.307178 24.211625 26.023716 25.714787 24.564564 24.444136 24.933682 24.461742 24.042738 22.605752 23.617403 22.647855 25.478281 24.387767 22.194306 25.814685 26.357163 23.537976 21.613462 26.054434 23.257737 24.442906 24.481451 21.487877 24.821116 25.217296 26.072151 24.432429 24.632353
26.874436 26.740813 24.610875 24.365125 24.783232 24.142443 26.235418 27.532832 27.001005 26.796390 27.082318 25.866248 23.827457 23.566226 26.156039 25.690136 23.022442 27.448138 26.443665 23.732105 132.366011 25.050282 25.682350 24.677674 25.983176 22.602702 25.000881 26.041334 26.475900 25.553019 23.154021 22.630909 26.956910 24.294241 21.663005 22.573846 26.182020 21.562752 23.803546 24.694771 24.010499 28.326650 22.806597 25.519512 22.751852 25.146071 26.358315 23.414842 22.527786 26.602367 24.051750 21.505909 24.185645 23.640562 25.732935 24.186391 25.812614 23.317448 22.850379 26.652425 24.589144 25.540200 25.207409 23.148345 25.810000 23.639488 22.230178 26.563475 25.567336 24.735664 24.325961 25.278007 23.601286 27.575252 27.988273 25.197225 24.546254 26.178949 25.014821 26.147003 24.021898 24.225386 25.164119 26.146000 27.079872 22.200305 25.186129 24.216030 24.392664 22.354530 28.761456 22.569289 23.875353 26.903350 21.915472 26.692029 25.408218 27.560579 23.606179 26.225223
28.218992 26.774902 23.509890 24.027214 26.952140 25.967359 24.291643 27.679257 26.085161 27.164213 28.781097 25.368586 26.054674 24.164399 26.165510 26.962827 25.094310 26.204973 27.856126 24.735920 25.050282 134.893238 25.608198 25.024158 25.221174 23.148905 27.109644 25.253803 25.506586 24.713316 24.872876 24.731156 28.543554 24.747246 21.988531 25.731352 25.676835 23.843133 23.037700 25.438257 24.847602 27.722910 23.177454 26.075037 23.016380 25.397761 26.768078 22.350005 24.015867 27.390527 25.455182 24.228297 25.812335 25.507803 23.704216 23.877496 25.074858 24.672314 22.163043 26.480203 24.533140 25.976674 24.197748 22.487639 25.857107 25.580706 21.930669 27.240768 24.208153 24.917520 26.712459 26.193706 25.355154 27.040923 27.324575 26.129365 24.145616 28.963890 28.588078 24.858798 24.466171 25.570611 25.099863 25.876266 24.307437 22.313178 26.742314 25.475561 24.321296 24.123393 26.405615 24.995564 26.457644 26.075801 23.505559 26.533777 26.396062 28.410976 25.681932 25.830398
27.528729 27.124694 25.815598 25.465612 28.415557 25.771277 26.953896 27.898198 28.638575 26.411810 28.794486 27.824572 26.072111 24.840327 29.086658 27.361875 21.620207 24.636298 26.208008 26.259786 25.682350 25.608198 136.421448 26.083810 27.104315 25.396101 27.102688 25.749087 27.191587 26.332216 24.430344 22.960833 27.932546 26.645527 23.668484 24.090655 27.087949 24.883378 25.685571 27.022645 24.632943 28.162854 23.854023 27.281030 25.052156 25.577529 26.014651 24.157041 25.829366 28.516962 24.463364 23.856527 25.735336 24.705230 26.452302 23.551890 27.668148 27.437547 23.962020 28.903133 24.528187 26.571223 28.069649 27.682055 28.284116 24.287882 23.392807 28.337102 25.297672 27.232118 24.938240 25.794679 25.308022 27.912835 28.668978 27.818973 26.164230 27.890635 25.368130 27.638193 24.675971 27.835774 25.448190 26.959638 26.890782 24.616447 27.738256 27.344537 25.640120 25.585763 29.180565 26.821173 27.199991 27.672143 22.604737 27.076967 28.694417 27.183645 26.856495 25.569466
26.544101 26.655998 24.226645 25.072459 25.383795 25.309107 25.729984 25.897490 26.177268 23.850031 27.640575 27.419385 24.279652 22.990056 26.894125 23.919271 23.428220 26.711439 27.812927 23.744102 24.677674 25.024158 26.083810 132.897180 24.822939 22.128884 25.806814 23.848042 28.221363 25.626407 24.086647 22.194027 26.295223 23.904813 21.472745 22.849782 25.429008 22.956490 22.351670 24.022824 23.696153 28.203058 22.169151 26.307047 23.236746 24.737109 26.399518 23.598710 24.540312 25.711909 24.435409 22.563748 25.494443 24.918723 23.424593 22.794327 24.386522 25.931185 24.121454 25.929573 22.974531 24.160440 25.877843 23.957872 26.020974 24.400826 23.015503 27.096494 23.911262 24.947444 24.803115 24.177264 24.270754 26.811835 27.412290 26.891139 23.210448 26.035339 25.199876 25.811103 24.335340 24.321057 24.154291 25.522093 25.891638 22.194869 26.927430 25.544982 25.383758 22.427082 26.120196 23.780914 25.242693 26.869120 22.134728 27.002999 26.705869 25.653886 27.238474 25.332723
26.315463 26.511676 24.545466 24.087973 27.481975 24.216600 25.572775 27.481785 27.835793 26.346250 29.875481 28.068961 24.499872 22.833646 27.219606 26.563200 24.533369 24.750518 27.218041 26.030533 25.983176 25.221174 27.104315 24.822939 133.362994 23.310321 25.738502 25.697726 26.348617 25.969713 25.358238 22.345237 26.311545 24.822506 21.022813 23.375174 26.236805 23.868862 25.101629 24.477874 24.335946 28.484778 23.944348 25.363851 23.137248 25.338213 25.133209 22.948950 24.914902 28.430918 23.644818 23.911535 24.083341 24.691733 25.010741 23.613310 26.914179 25.588569 23.275954 26.173864 25.529700 24.939977 26.444880 24.801745 26.604074 23.496108 22.336945 26.783855 24.651655 25.339628 26.007781 24.287580 24.680858 28.921450 27.894836 26.890863 26.135214 25.851432 25.728617 25.420351 24.200921 26.769925 23.281406 26.583300 26.408539 24.779639 28.057005 26.122223 24.691547 23.649118 27.715397 23.799734 25.487808 25.267658 22.713294 26.948800 25.208188 28.053551 25.721097 25.458146
23.520950 22.149179 22.637991 19.902452 23.274433 22.421910 22.247947 23.282705 23.767212 21.967113 24.684758 24.665947 20.744469 22.680913 24.910790 24.950612 20.275556 21.550576 21.667703 21.573289 22.602702 23.148905 25.396101 22.128884 23.310321 128.727136 22.414087 21.544384 24.098029 21.087938 21.795525 21.055382 24.637707 22.827521 19.913359 20.574384 23.040882 21.987345 20.171779 22.088305 21.168271 24.848677 19.713978 23.310020 19.876081 22.493204 21.991036 20.349724 22.616287 25.407579 21.446876 20.624368 22.088960 22.080671 21.973839 21.529170 24.415242 23.901457 20.480694 24.160720 21.907781 23.979431 22.532359 20.268567 23.409658 22.271120 19.713055 25.339755 22.171411 23.853298 22.339168 22.799591 22.115208 23.739100 24.431058 22.105430 22.216072 24.811962 22.302262 23.417386 20.868278 23.824597 21.600692 23.540325 23.769054 21.129399 23.218531 22.232845 22.145005 21.768018 24.863578 21.909407 23.699726 24.569491 19.563806 22.726532 23.076474 23.999643 24.126241 24.255531
27.598140 25.396950 25.908932 23.869983 26.921903 24.457668 25.932377 27.479664 26.617282 24.303802 27.419053 27.007358 24.468659 23.917568 27.346942 25.036339 24.365791 25.050940 25.818983 24.966644 25.000881 27.109644 27.102688 25.806814 25.738502 22.414087 133.812631 24.391484 25.509048 25.429711 24.654863 22.278601 26.639572 26.553716 21.623457 22.322683 25.392335 22.955594 22.862155 24.947170 24.611558 27.040818 22.865675 27.420289 23.788355 24.480443 25.358677 23.291732 24.285096 25.293250 24.630243 23.850800 24.963415 25.603831 23.792838 22.840030 24.453710 23.627756 23.636207 26.545198 24.028889 25.484244 25.393611 25.337912 27.833836 25.077133 22.436733 26.871962 24.402823 25.552817 24.024649 25.337500 26.711746 26.020189 27.980147 27.255824 24.405761 29.067905 26.592245 26.152423 24.347472 25.456211 23.430305 27.454940 26.166335 25.272558 25.947272 26.362541 25.483336 23.546540 27.734825 25.116506 25.425483 26.627375 22.696566 27.213738 27.884710 27.302057 26.028683 26.739430
24.866584 25.343126 26.196650 23.447313 25.670748 24.981972 23.777637 24.016834 27.136072 25.845584 27.790865 25.931899 23.533807 22.663305 25.431826 25.729814 22.091489 25.250022 26.681907 22.170541 26.041334 25.253803 25.749087 23.848042 25.697726 21.544384 24.391484 132.729821 24.340377 25.535171 22.899340 22.631977 25.887433 23.687822 20.508575 23.572442 24.656282 21.113280 22.998473 24.662256 22.978720 27.464260 22.977149 25.060932 23.639434 23.140559 27.392727 22.963069 22.843580 25.551515 24.197873 23.155205 22.800829 22.359809 24.457135 24.605568 25.252389 24.132662 23.089347 24.689238 24.623273 25.580489 25.808438 22.800265 24.224754 23.809289 22.000809 24.701391 23.943400 25.427008 23.225715 24.781514 22.666960 28.040639 26.899873 23.656488 23.869335 27.411281 24.209128 27.135418 22.538968 25.044849 23.100250 25.711476 25.088919 21.785834 24.563774 24.506296 23.662831 23.183939 27.317549 24.760973 24.738149 25.452216 22.737260 27.484813 25.531044 26.812908 24.734769 25.423731
27.192317 27.089914 24.198316 24.986771 27.317405 26.697225 25.698345 27.703123 29.082227 26.561263 29.394202 26.960115 25.648479 25.225635 27.371767 27.594088 23.279798 26.946633 28.113257 24.962373 26.475900 25.506586 27.191587 28.221363 26.348617 24.098029 25.509048 24.340377 137.253855 28.155114 23.885047 25.046935 27.759896 26.200158 23.171292 24.627179 27.296857 25.947045 24.419903 25.090416 24.342423 29.652028 24.278588 27.949625 21.967389 27.206506 26.941097 22.740456 23.916024 28.263972 25.993848 24.750838 27.706820 26.716499 25.212269 24.953880 25.922358 26.847450 23.293005 27.555506 25.268382 28.183504 28.151745 24.325853 28.144165 25.460719 25.729501 27.170743 24.736224 27.158066 25.802309 24.712163 26.689409 29.122169 29.862286 27.085264 26.958390 27.798299 26.498284 25.458203 23.140774 27.036409 26.509319 27.072893 27.937697 23.218117 29.045794 25.933602 25.886716 24.956894 28.277946 24.095514 26.741046 26.091452 22.664769 27.493632 26.012966 28.274973 24.969940 27.286259
25.609785 27.536955 24.295172 23.360588 25.205952 25.455444 24.398678 29.377294 28.512901 26.170735 27.745195 27.302933 25.426315 22.098419 27.781756 25.181043 22.059672 26.288717 27.435705 23.830856 25.553019 24.713316 26.332216 25.626407 25.969713 21.087938 25.429711 25.535171 28.155114 134.022155 23.778587 24.406715 26.713302 24.337067 21.665378 22.199455 26.553474 21.281935 24.003889 25.563050 23.649351 28.585313 24.090713 26.178821 22.967703 24.827823 26.133185 23.690760 22.154011 26.035155 23.974499 23.812263 25.325148 24.508527 26.316199 22.347166 25.679297 25.125899 23.111260 25.629687 26.121131 26.385458 28.325560 25.315429 26.840819 24.016280 24.528538 25.964440 23.620882 25.508933 23.406962 23.844833 24.564843 27.817100 27.522347 26.283695 24.626359 26.949946 23.889246 26.046712 23.663666 26.311473 24.130688 25.390567 25.147196 23.336961 25.756718 25.890928 25.311823 23.402556 26.994965 24.007941 26.557945 25.485052 23.198077 27.012120 26.271665 27.119001 25.452156 24.789038
26.082870 24.383287 24.879165 21.732043 25.326325 24.293829 23.961842 26.407137 24.065266 22.773800 27.225590 26.815018 23.035893 23.882203 24.482114 25.107667 21.993597 23.323975 23.404957 22.676842 23.154021 24.872876 24.430344 24.086647 25.358238 21.795525 24.654863 22.899340 23.885047 23.778587 130.565454 22.127033 25.438590 23.292885 21.709421 21.744744 24.429831 21.343773 23.005894 22.938806 22.779731 25.324237 20.985534 25.573658 22.846101 23.539888 24.167006 22.467915 22.931726 27.105942 22.484366 22.220073 23.763774 23.270393 23.984481 20.698193 23.310377 24.591626 21.515395 23.887066 23.704614 24.111296 24.975229 23.094862 24.436485 21.804137 19.715937 25.889350 22.448391 22.952511 23.205616 23.607832 23.685357 25.647565 26.858417 23.647073 22.169084 24.460129 26.050565 24.886605 22.573592 24.060845 22.302444 24.791992 23.857039 22.846035 24.985685 21.977278 23.899804 22.183694 25.776157 24.407219 25.704366 25.808586 22.359703 26.166733 24.526517 26.992811 23.806938 23.979884
24.923492 24.508923 22.109439 19.859142 23.262551 21.841434 22.856678 25.015752 25.217628 24.212368 25.718179 25.210549 23.241183 21.952695 23.789505 24.257041 20.332298 21.797156 23.970507 21.833285 22.630909 24.731156 22.960833 22.194027 22.345237 21.055382 22.278601 22.631977 25.046935 24.406715 22.127033 129.990296 26.127883 21.083079 19.040940 21.425063 24.140358 20.702424 21.275609 23.648682 23.083240 25.423371 21.326286 24.428767 20.294786 23.534483 23.124183 23.106458 21.012451 24.162313 22.165907 23.126148 22.971227 21.860219 22.383706 21.906344 22.355086 23.035835 20.731169 23.631879 23.017633 23.487699 23.055672 20.355221 23.218496 21.330316 21.615793 24.538443 23.312546 23.498099 23.461126 22.063005 23.077053 25.507768 25.921748 22.074231 22.270616 24.737554 23.211382 22.238912 19.890552 22.259244 22.488824 21.877886 22.887289 21.163024 22.504085 23.953291 23.339203 23.839359 24.156295 21.980652 24.308006 24.359631 22.587022 24.214792 23.653046 25.160958 21.599909 23.827605
28.734024 28.556236 24.591659 25.138948 28.586860 27.029100 26.205271 29.794389 30.033685 28.401170 29.928461 27.604201 25.764501 25.684598 28.425333 28.571932 23.313837 27.796060 27.863026 25.180918 26.956910 28.543554 27.932546 26.295223 26.311545 24.637707 26.639572 25.887433 27.759896 26.713302 25.438590 26.127883 134.908097 25.724523 24.827775 25.711730 26.469560 25.469554 23.771173 26.885355 23.837111 28.155692 25.622475 27.751487 23.960365 26.118617 26.893851 24.273595 24.522603 28.742622 25.790872 24.639272 26.003930 26.063218 26.726439 25.415142 26.896927 26.157934 24.926252 28.092513 24.131677 27.007463 27.277444 24.275545 28.250898 26.203607 24.141116 27.690527 27.183181 27.980802 26.142091 27.509953 26.045801 29.143707 27.988086 26.907380 25.196970 29.553798 27.539561 26.390575 25.333038 25.916320 27.140655 26.229502 26.380862 24.071296 27.356528 27.052937 27.362270 26.143247 29.080668 27.628593 28.230079 28.477396 24.059813 29.430327 28.184850 29.040657 26.882731 27.157246
24.871901 24.089306 24.969238 23.261720 25.236943 24.595277 23.800769 25.443813 27.099207 23.479527 26.642572 24.844965 23.833641 21.067899 26.428122 25.276627 21.376572 22.941037 24.132211 22.823975 24.294241 24.747246 26.645527 23.904813 24.822506 22.827521 26.553716 23.687822 26.200158 24.337067 23.292885 21.083079 25.724523 131.931397 22.009870 22.702388 26.015443 23.008146 21.246097 22.889370 23.088978 26.000120 22.212012 26.185538 21.703217 24.788969 25.661444 22.361636 24.000757 27.880824 22.676722 22.275082 24.388922 23.583238 23.988974 21.901554 25.223891 24.365763 22.546161 26.773115 21.934602 25.663602 26.024427 24.093216 25.923037 24.373521 20.882610 24.620011 23.294885 24.091845 23.562419 23.631422 24.104504 26.587017 24.970508 25.287556 23.408842 26.050122 24.408918 24.340772 24.009790 24.878810 21.817622 25.368283 24.858312 22.854129 25.818493 23.701439 24.186022 22.380693 26.538624 22.709423 24.170287 24.574915 21.166788 25.284052 24.541897 26.983170 25.404696 25.056867
24.351379 22.505067 19.337793 20.389726 22.921880 23.527072 22.083748 23.243753 22.969482 22.969155 23.478990 20.074420 20.774496 20.414517 22.132330 22.825992 19.065199 22.476601 21.752722 21.529624 21.663005 21.988531 23.668484 21.472745 21.022813 19.913359 21.623457 20.508575 23.171292 21.665378 21.709421 19.040940 24.827775 22.009870 128.189827 20.281251 22.511936 20.000689 20.159159 21.387263 18.777198 24.424658 19.374141 22.956338 19.244758 21.148488 22.666798 20.694646 20.233614 22.650887 22.062007 19.287461 21.867140 21.263954 22.168096 17.261931 22.284542 20.889418 19.458623 23.633768 20.861704 22.730287 22.274561 20.749285 22.462154 21.853506 19.186929 22.743905 21.242811 20.866984 22.061339 20.580984 20.818625 24.259085 24.187006 22.415908 20.675794 24.777390 21.498121 22.449142 20.047885 21.339376 22.659427 22.766124 23.137773 19.775920 23.078631 21.648149 22.155921 21.707117 24.285319 21.021841 22.980067 21.846337 19.169194 22.255350 23.720007 23.342191 22.559196 21.906561
24.414240 23.772452 21.803752 20.803331 23.253765 25.020428 22.674894 23.182980 26.365100 24.991598 25.720198 24.613980 22.626714 22.353942 22.340557 25.840931 20.032348 23.468582 25.175906 23.276021 22.573846 25.731352 24.090655 22.849782 23.375174 20.574384 22.322683 23.572442 24.627179 22.199455 21.744744 21.425063 25.711730 22.702388 20.281251 129.863753 23.244770 21.598847 20.836304 23.528587 21.844570 24.633113 21.196162 23.600328 20.246817 22.554907 24.615543 18.802252 21.028186 25.738143 21.918590 21.972651 22.487907 23.499284 22.549092 22.682629 24.517845 21.388809 20.614229 22.833905 21.611210 24.104011 22.550462 22.006847 23.524474 22.400540 20.842960 23.934718 22.301720 23.104635 24.057225 22.880429 22.176398 25.965218 24.483449 23.544846 23.195899 24.432529 22.991314 23.167278 23.174539 22.532880 23.176606 22.685644 23.191884 19.909907 24.751941 24.032800 21.980896 21.998535 25.454296 23.499015 23.702601 24.201142 20.814013 24.629724 24.123061 26.219137 23.238735 23.056136
26.848737 28.004390 24.156865 22.550633 25.551584 24.509582 25.837120 27.342818 27.404960 25.776358 28.065458 25.864639 25.214067 22.982408 24.712948 25.508054 22.717438 25.353222 27.322803 24.944198 26.182020 25.676835 27.087949 25.429008 26.236805 23.040882 25.392335 24.656282 27.296857 26.553474 24.429831 24.140358 26.469560 26.015443 22.511936 23.244770 134.133378 23.328246 24.252690 26.581712 23.365797 28.226749 23.333959 27.285757 23.639828 24.476388 26.915693 23.823595 24.428941 27.611325 24.606491 22.299345 25.241704 25.367431 24.171400 22.669487 25.089788 26.268027 22.548680 26.347779 24.699738 26.690676 26.051527 24.346247 26.498498 24.363607 25.798903 27.871655 24.863496 26.570856 24.587783 23.190888 24.281289 26.726425 28.555579 25.836270 24.630994 26.551116 26.016564 26.763417 23.398853 26.977674 25.043108 25.096258 24.242696 23.510398 26.787494 25.259832 25.296415 24.001551 28.166459 24.656716 25.594611 26.561801 23.284810 26.666541 25.595523 27.504183 24.221611 26.382588
24.171901 22.777438 21.057632 19.212439 25.299216 22.048965 23.087638 24.062114 23.618174 22.977181 24.874949 22.924092 22.071556 21.878911 23.458334 21.792094 19.486295 21.560211 24.265432 22.176034 21.562752 23.843133 24.883378 22.956490 23.868862 21.987345 22.955594 21.113280 25.947045 21.281935 21.343773 20.702424 25.469554 23.008146 20.000689 21.598847 23.328246 128.565328 20.942705 21.666255 21.016790 22.875301 21.560431 22.432721 20.281015 23.988853 23.490780 20.091976 21.700804 24.967410 22.867346 21.598291 22.178540 21.504571 22.826650 20.882402 22.001905 21.772077 19.684646 23.215469 22.337751 24.678648 22.686722 21.756231 23.825280 23.043857 21.046233 23.076018 23.222241 22.876389 22.328246 20.600228 22.782379 25.408134 24.857034 23.896974 20.927600 22.945975 23.452246 22.332298 20.898330 24.143133 21.365313 21.811181 22.012414 19.372272 24.106742 21.843513 21.688121 23.101449 23.938794 20.959385 24.023160 22.227797 20.065402 23.796331 23.059756 24.703617 23.039515 22.871416
24.355496 25.625185 22.341891 22.969235 24.127144 22.163976 25.130077 24.392308 25.509814 23.711704 26.059465 24.772073 21.771374 21.262246 24.693257 23.776181 20.877335 21.936287 23.876444 23.824567 23.803546 23.037700 25.685571 22.351670 25.101629 20.171779 22.862155 22.998473 24.419903 24.003889 23.005894 21.275609 23.771173 21.246097 20.159159 20.836304 24.252690 20.942705 130.622285 24.213145 22.588286 25.291316 21.103707 26.273168 22.894469 22.512871 22.840584 21.902393 21.512771 22.892754 22.777793 21.297580 23.388510 22.576784 23.298357 19.768823 23.814593 23.127598 20.283134 25.037360 24.369797 24.043610 23.548037 21.544203 24.531874 20.873438 21.721602 25.126811 23.392822 23.559816 22.792944 21.080000 23.736018 24.289110 27.300719 24.142105 23.687881 24.441333 22.819688 23.517153 22.158900 24.460242 23.032924 24.563683 24.159083 20.509553 23.303464 23.978553 21.738541 22.786736 25.666663 21.870760 23.821933 23.731743 20.868649 24.935730 23.694605 24.906757 23.406941 22.748638
26.440237 27.141240 23.928752 22.617848 25.516462 23.497686 24.704615 26.598558 26.224676 24.559535 27.774561 26.348682 24.646145 22.346798 27.071361 26.291502 22.915769 25.475924 25.792998 23.778275 24.694771 25.438257 27.022645 24.022824 24.477874 22.088305 24.947170 24.662256 25.090416 25.563050 22.938806 23.648682 26.885355 22.889370 21.387263 23.528587 26.581712 21.666255 24.213145 133.794625 21.418096 28.055859 24.013773 27.338162 23.054729 24.717120 25.226469 23.128322 23.598031 25.783577 23.203312 22.001894 24.686953 23.828859 24.263680 22.027952 26.050916 23.946550 22.810910 25.592036 22.518958 25.818365 25.981074 23.982453 25.628105 23.595227 24.004859 26.722056 23.767459 25.028963 23.562264 24.856575 24.226980 26.305657 28.254716 25.610927 23.581297 26.582877 24.236530 24.743575 23.370896 25.254305 26.144741 23.759159 24.101760 23.050295 25.192928 25.899748 24.103444 24.391543 27.081432 23.565800 25.919342 24.740910 22.199190 27.126288 25.420766 27.533204 25.545472 25.303872
25.703579 23.845291 24.036437 22.470177 24.574176 25.212078 24.413890 25.363202 25.947423 24.835470 27.465099 25.621677 24.050723 23.252607 24.287521 24.547024 20.222276 23.375506 23.596728 22.731520 24.010499 24.847602 24.632943 23.696153 24.335946 21.168271 24.611558 22.978720 24.342423 23.649351 22.779731 23.083240 23.837111 23.088978 18.777198 21.844570 23.365797 21.016790 22.588286 21.418096 131.143906 25.487507 20.162218 25.255535 21.508124 23.530889 24.609242 22.699029 21.156872 25.211115 22.538763 21.990933 23.771876 23.216042 22.954341 20.528609 24.871197 23.175328 21.925321 25.109424 24.013750 23.481046 23.784469 22.802716 23.110582 23.970524 20.190617 27.120604 23.648838 24.114704 23.854434 23.186825 25.124367 25.335266 24.973903 24.256195 22.762201 25.437582 24.884470 25.853008 23.515055 23.368263 22.384338 25.536922 24.980329 23.081692 24.391333 23.428606 23.516018 22.394552 26.253702 23.335356 25.638372 25.463126 21.752643 25.097095 24.018375 24.490298 24.039298 24.416091
28.811424 28.281236 26.768294 27.367556 28.540025 27.040491 26.617312 30.706840 30.247252 27.915220 31.661838 29.064029 27.050705 24.803810 27.963480 29.542676 25.373109 28.592937 28.821610 25.630178 28.326650 27.722910 28.162854 28.203058 28.484778 24.848677 27.040818 27.464260 29.652028 28.585313 25.324237 25.423371 28.155692 26.000120 24.424658 24.633113 28.226749 22.875301 25.291316 28.055859 25.487507 138.429144 25.997002 27.921582 23.445784 26.535827 28.240335 26.580781 25.352159 28.715039 25.915202 24.772371 27.900963 26.579507 26.619662 25.936036 27.976406 26.912345 26.348994 26.583917 26.561450 27.403501 27.429899 25.923073 26.112001 26.826161 25.583190 29.178282 25.958295 26.429717 28.091901 26.752263 26.403170 29.502919 31.427972 29.063374 28.780940 31.221958 26.926026 29.252138 25.777488 28.465408 27.800227 29.177917 29.841202 25.564326 28.178459 28.293435 26.754163 25.709721 29.723554 26.362993 27.425653 28.988727 25.710496 27.716727 27.382301 30.508636 28.784374 28.687806
23.922159 26.278991 21.998533 21.167719 25.118444 21.584591 22.371381 26.203374 25.377800 24.171713 26.472248 24.208056 22.967057 20.930178 25.511131 24.461222 20.623012 23.062581 23.444566 22.852924 22.806597 23.177454 23.854023 22.169151 23.944348 19.713978 22.865675 22.977149 24.278588 24.090713 20.985534 21.326286 25.622475 22.212012 19.374141 21.196162 23.333959 21.560431 21.103707 24.013773 20.162218 25.997002 129.278250 22.870303 19.635568 22.686561 23.643987 21.492458 21.725545 24.485346 21.226495 20.822187 23.286638 23.544929 21.825166 21.342002 23.289260 21.086167 21.163076 23.410968 21.950979 22.387446 22.789747 21.647372 24.292377 22.664135 21.225551 24.533185 21.694427 23.271278 23.729655 22.548067 21.971968 24.658630 23.998841 23.015042 21.277435 24.525677 23.277134 24.244332 21.910050 22.298726 23.257360 20.806360 21.280825 19.686354 24.641329 24.531738 23.191201 21.746148 24.955593 22.512605 23.331621 23.102838 20.185624 24.502460 23.023975 26.480989 22.228365 23.664184
27.328467 27.066908 26.147121 22.929230 25.852757 25.958045 25.893546 27.197981 28.946531 25.951345 29.365415 27.078852 25.568723 24.691128 27.078073 26.448698 23.099147 26.290032 25.009524 25.068117 25.519512 26.075037 27.281030 26.307047 25.363851 23.310020 27.420289 25.060932 27.949625 26.178821 25.573658 24.428767 27.751487 26.185538 22.956338 23.600328 27.285757 22.432721 26.273168 27.338162 25.255535 27.921582 22.870303 135.056178 25.450258 26.672401 25.971911 23.222563 26.293000 27.335600 23.611037 23.136893 26.087697 24.341474 25.035809 22.373704 27.066706 25.411907 25.435773 27.949802 24.944255 26.328589 26.807363 24.521298 26.440190 24.609656 23.515294 28.061150 25.208834 26.084037 24.978275 25.582240 27.531690 26.958613 28.479080 27.736940 25.239619 27.604684 26.662498 26.972184 24.668929 25.795151 25.271348 26.978810 26.134170 24.768945 26.546924 26.129069 25.622284 24.893036 28.760651 25.280733 26.790342 25.706330 22.677130 29.392499 25.858339 27.526940 26.579707 25.974676
22.379528 24.661006 23.290394 21.233094 23.091464 23.006718 23.763874 23.578194 24.206752 23.411905 23.312111 24.267894 20.163982 21.876483 23.561905 23.400708 20.278733 23.458346 22.863862 21.210728 22.751852 23.016380 25.052156 23.236746 23.137248 19.876081 23.788355 23.639434 21.967389 22.967703 22.846101 20.294786 23.960365 21.703217 19.244758 20.246817 23.639828 20.281015 22.894469 23.054729 21.508124 23.445784 19.635568 25.450258 128.819757 23.224438 24.510453 20.800321 22.246600 24.158894 20.973540 21.784029 21.513583 20.475515 22.303600 19.928085 23.023422 22.810546 22.024444 24.020127 22.113449 22.313053 22.341092 21.776153 24.104687 20.602056 19.769171 24.319191 22.645755 23.477692 21.586584 22.777022 22.082638 24.396428 25.604092 23.380920 22.178068 23.289863 23.126396 23.656236 21.118023 23.067190 22.179262 23.744515 21.909067 21.420354 22.746432 23.362107 22.524215 21.103770 25.047608 22.238821 22.424510 24.606791 19.306554 24.387871 23.319050 24.378047 23.524840 22.923496
25.814463 25.344093 24.255196 21.837176 25.582409 24.487504 24.365264 27.570648 27.074651 26.173884 27.393911 24.679648 24.445641 22.639301 26.773639 25.029170 21.945592 24.779669 25.615156 22.409140 25.146071 25.397761 25.577529 24.737109 25.338213 22.493204 24.480443 23.140559 27.206506 24.827823 23.539888 23.534483 26.118617 24.788969 21.148488 22.554907 24.476388 23.988853 22.512871 24.717120 23.530889 26.535827 22.686561 26.672401 23.224438 131.677498 25.900130 23.104727 23.444777 27.438828 23.711712 23.532148 24.312722 22.862815 26.204491 23.609470 24.029737 24.296365 23.373978 26.980599 24.135659 26.029058 25.457213 23.724366 26.563540 21.983706 22.909775 25.590155 24.880457 24.045138 24.393888 23.798938 25.158514 28.097894 27.078833 25.706593 22.612196 25.609426 26.035554 25.093152 23.079497 24.777313 24.182691 24.770517 25.772200 22.868530 25.797034 24.582525 25.051410 23.131886 26.413140 22.553312 26.018356 24.896472 19.992688 25.157287 24.566493 27.577250 24.783697 26.017702
28.826773 25.889481 25.961254 24.762124 28.625964 26.199801 27.231754 26.590642 28.433976 26.326326 29.128549 26.030466 24.957804 25.217864 25.540185 26.834178 22.888195 28.698876 28.549191 24.671728 26.358315 26.768078 26.014651 26.399518 25.133209 21.991036 25.358677 27.392727 26.941097 26.133185 24.167006 23.124183 26.893851 25.661444 22.666798 24.615543 26.915693 23.490780 22.840584 25.226469 24.609242 28.240335 23.643987 25.971911 24.510453 25.900130 134.833895 25.241211 24.344894 28.619186 25.501556 22.343301 24.474681 24.550448 25.989602 24.522805 26.010812 25.224420 22.897996 26.774201 24.089774 26.503032 26.392200 24.132468 26.751109 25.189540 24.229863 27.879861 25.408186 26.331817 27.082779 25.823301 25.965710 29.317109 27.552692 24.680216 24.401789 26.691949 26.998739 26.396725 24.206511 25.471763 26.792330 26.551987 26.382285 24.004638 26.457685 26.109286 24.390112 23.076469 29.116903 24.254189 27.273364 26.107401 24.885721 28.105300 25.291004 27.644079 25.477425 26.571107
24.167778 23.695732 24.902808 23.304027 25.098037 22.508380 24.514480 24.899374 23.244747 23.105339 25.383500 23.672769 22.362950 20.320545 24.483792 22.467990 21.090197 22.762132 24.209299 21.601917 23.414842 22.350005 24.157041 23.598710 22.948950 20.349724 23.291732 22.963069 22.740456 23.690760 22.467915 23.106458 24.273595 22.361636 20.694646 18.802252 23.823595 20.091976 21.902393 23.128322 22.699029 26.580781 21.492458 23.222563 20.800321 23.104727 25.241211 129.978934 21.395966 24.041756 22.110517 20.806341 23.150882 22.719471 23.036508 20.153105 21.974203 22.507606 20.496846 23.595312 22.939691 23.894945 24.481024 22.425190 23.473027 22.428958 21.217007 25.144235 23.145416 23.000493 23.745542 21.974486 22.077079 24.605275 25.559172 22.646378 21.637817 24.520026 23.749275 24.163067 21.714465 23.296899 22.585064 23.683937 25.858258 22.495197 22.549202 23.392818 22.543392 22.123980 24.443221 21.188847 24.451366 23.481648 22.099255 24.097549 23.288255 24.851436 24.618435 21.990706
25.306887 25.844285 23.607292 21.624361 24.646204 23.164874 22.854536 23.693709 26.263022 23.282480 26.617871 25.447380 23.294138 21.962814 24.992642 24.628395 21.128052 23.044951 23.900509 22.698464 22.527786 24.015867 25.829366 24.540312 24.914902 22.616287 24.285096 22.843580 23.916024 22.154011 22.931726 21.012451 24.522603 24.000757 20.233614 21.028186 24.428941 21.700804 21.512771 23.598031 21.156872 25.352159 21.725545 26.293000 22.246600 23.444777 24.344894 21.395966 129.888609 25.840392 21.661973 20.934396 21.811934 22.030381 22.942349 20.528081 24.272949 23.480577 21.846023 26.591604 22.515858 23.431166 23.693964 21.366777 24.244265 22.423558 20.866846 26.062018 21.837727 23.274309 23.980364 23.274289 22.806555 23.484069 24.563347 23.431672 22.464995 23.600728 24.226601 24.493181 22.066690 23.317246 21.938548 25.101228 24.167594 21.834405 25.371304 24.530704 22.958286 22.092696 24.626042 23.819959 23.409140 23.989776 19.038074 24.674669 23.391979 26.205373 24.053266 25.050397
27.404143 26.666015 25.991249 24.554477 27.362292 26.924868 26.814598 28.911227 30.105945 26.307082 30.690629 28.301338 25.765405 25.675907 27.880095 28.649328 23.891634 26.348203 27.969126 24.752631 26.602367 27.390527 28.516962 25.711909 28.430918 25.407579 25.293250 25.551515 28.263972 26.035155 27.105942 24.162313 28.742622 27.880824 22.650887 25.738143 27.611325 24.967410 22.892754 25.783577 25.211115 28.715039 24.485346 27.335600 24.158894 27.438828 28.619186 24.041756 25.840392 135.598519 23.949079 23.558207 26.173163 25.492983 26.746486 24.754251 26.717852 28.156910 24.356230 28.453035 24.254216 27.438377 27.399804 25.550169 28.784074 25.854565 22.824020 28.382610 25.659557 26.970033 25.873467 26.587914 26.321086 28.888620 27.111252 26.898955 25.249690 26.750078 27.509841 26.029309 24.601786 26.908159 26.626007 26.850147 26.541848 25.291793 28.695390 25.033489 26.826588 25.801566 28.877522 25.975446 29.026847 28.428980 23.551871 28.226462 26.108229 29.847743 26.673478 27.127759
25.889752 26.013432 22.553731 22.564130 23.479981 23.503845 24.125205 25.913383 25.698054 24.115548 27.506788 24.208500 22.450864 22.820347 25.956992 24.168054 21.888130 24.834435 25.638531 22.830077 24.051750 25.455182 24.463364 24.435409 23.644818 21.446876 24.630243 24.197873 25.993848 23.974499 22.484366 22.165907 25.790872 22.676722 22.062007 21.918590 24.606491 22.867346 22.777793 23.203312 22.538763 25.915202 21.226495 23.611037 20.973540 23.711712 25.501556 22.110517 21.661973 23.949079 130.720491 22.773979 24.408203 23.384108 24.161517 21.270108 22.393122 25.078035 20.860390 24.880346 24.897258 25.670429 25.424346 21.864546 25.856417 23.598885 23.508145 25.302860 23.597481 24.525022 23.506059 23.694429 23.610148 26.729784 27.007082 23.494877 24.380592 26.775448 24.024618 24.071986 21.796648 24.507800 22.571445 25.162598 25.665958 22.592973 25.553553 23.520211 23.921648 22.180655 25.909204 22.676557 24.930642 23.242127 20.543157 25.039303 25.489797 25.445981 23.094468 23.911856
24.305197 23.639624 22.063925 21.897541 24.640295 24.015616 22.033846 23.837183 24.284735 24.567697 24.812489 23.894582 21.622413 20.221056 24.799937 23.634243 20.360449 22.069789 23.819530 21.495293 21.505909 24.228297 23.856527 22.563748 23.911535 20.624368 23.850800 23.155205 24.750838 23.812263 22.220073 23.126148 24.639272 22.275082 19.287461 21.972651 22.299345 21.598291 21.297580 22.001894 21.990933 24.772371 20.822187 23.136893 21.784029 23.532148 22.343301 20.806341 20.934396 23.558207 22.773979 128.570416 22.275174 22.076011 22.151157 21.005523 21.896009 21.838723 21.257745 23.413389 24.250932 22.667036 22.553521 22.820813 23.730018 21.106036 20.773333 22.989629 22.782788 23.667545 21.379552 21.753584 22.158974 25.422594 25.077288 22.165607 23.315822 23.945436 22.773666 22.462756 22.369794 23.135134 21.055351 22.806031 23.245034 21.463267 24.407287 23.554749 22.820205 21.858423 24.364873 23.004434 22.391360 23.522650 19.874423 24.149318 23.472711 25.363139 23.806202 24.325860
25.764631 26.581994 24.477035 23.731656 26.615090 25.084920 24.246516 27.030128 26.702681 24.816456 29.476684 24.828643 23.783979 22.715600 24.897900 25.022514 22.406755 25.032719 26.921952 23.733371 24.185645 25.812335 25.735336 25.494443 24.083341 22.088960 24.963415 22.800829 27.706820 25.325148 23.763774 22.971227 26.003930 24.388922 21.867140 22.487907 25.241704 22.178540 23.388510 24.686953 23.771876 27.900963 23.286638 26.087697 21.513583 24.312722 24.474681 23.150882 21.811934 26.173163 24.408203 22.275174 132.698184 24.614904 23.697747 20.775684 24.939304 24.636791 21.658721 26.016094 25.171600 26.339453 24.758166 23.139806 26.326435 24.823607 22.875098 26.262176 21.624044 25.466019 24.689843 23.251113 24.717719 26.657297 27.582379 26.408108 24.599193 27.947939 26.236829 25.047669 23.486044 24.621621 24.374101 25.857187 25.606254 22.500247 26.712415 25.412612 23.850728 24.339117 28.269556 23.058097 26.823052 25.651813 21.246515 25.784054 25.039661 26.568214 26.018023 24.249860
25.620896 27.276114 23.274636 24.829725 26.045778 23.687123 22.299486 26.434963 26.266540 22.817847 26.689304 25.894581 22.928046 22.609043 25.152813 25.114763 22.510432 23.436201 26.839239 23.838202 23.640562 25.507803 24.705230 24.918723 24.691733 22.080671 25.603831 22.359809 26.716499 24.508527 23.270393 21.860219 26.063218 23.583238 21.263954 23.499284 25.367431 21.504571 22.576784 23.828859 23.216042 26.579507 23.544929 24.341474 20.475515 22.862815 24.550448 22.719471 22.030381 25.492983 23.384108 22.076011 24.614904 133.110009 23.458827 22.235964 24.319636 23.231490 22.649224 25.572909 22.343165 24.424149 24.016904 22.804120 26.584020 22.943139 22.648510 26.756439 23.705373 25.618118 24.163679 24.343665 24.280599 23.826410 26.980024 24.126098 23.302186 26.004289 26.656910 24.006586 22.837768 23.807989 22.761547 22.958750 25.041825 21.796339 25.542288 25.608200 22.864594 22.843712 26.622650 22.718276 25.390424 24.970062 20.625959 25.819547 26.296378 25.855249 22.770717 23.403706
24.672761 24.210037 24.421888 22.314358 25.958806 24.958692 24.627810 27.657122 27.257918 25.413113 26.448189 25.908833 24.226680 22.849705 25.795467 25.208427 21.137301 25.313635 25.862045 23.560066 25.732935 23.704216 26.452302 23.424593 25.010741 21.973839 23.792838 24.457135 25.212269 26.316199 23.984481 22.383706 26.726439 23.988974 22.168096 22.549092 24.171400 22.826650 23.298357 24.263680 22.954341 26.619662 21.825166 25.035809 22.303600 26.204491 25.989602 23.036508 22.942349 26.746486 24.161517 22.151157 23.697747 23.458827 131.556410 22.004247 24.967211 23.885791 23.037484 26.267711 24.218875 26.163521 25.419643 23.564041 24.896117 22.903032 22.300851 25.674295 24.362089 24.776111 23.009802 23.866141 23.235082 27.895392 28.016742 25.144926 24.122467 24.754721 23.693178 25.337698 21.955449 25.127955 23.290475 25.506570 26.272531 22.719628 24.717560 23.920270 24.381337 23.326633 26.230356 22.956135 26.011228 26.125336 20.965294 25.674616 26.308315 27.485182 24.155147 23.456357
22.771532 22.141033 22.136446 21.601725 24.816945 21.802371 21.282314 23.971049 26.210621 23.748493 25.623777 25.145495 20.785220 22.276205 23.965024 24.578474 20.716145 23.625947 24.375249 19.927718 24.186391 23.877496 23.551890 22.794327 23.613310 21.529170 22.840030 24.605568 24.953880 22.347166 20.698193 21.906344 25.415142 21.901554 17.261931 22.682629 22.669487 20.882402 19.768823 22.027952 20.528609 25.936036 21.342002 22.373704 19.928085 23.609470 24.522805 20.153105 20.528081 24.754251 21.270108 21.005523 20.775684 22.235964 22.004247 129.550127 23.912698 21.659233 22.202821 22.147616 21.187478 23.123759 23.750584 19.527395 23.464964 21.239231 20.617436 23.771464 23.030215 23.489723 22.286182 23.713994 21.632949 26.278321 25.574674 22.810597 22.392516 24.811743 23.530345 23.927373 22.849509 24.173532 21.933675 22.597189 23.726106 20.853814 23.087255 22.305364 22.550075 20.574218 23.713139 22.351808 21.741171 23.195196 21.039630 23.697621 23.443089 26.106979 22.429319 23.657762
25.473501 24.538463 23.481299 23.399922 27.568385 25.977376 24.950191 25.339521 27.486028 25.761856 28.856254 27.457130 25.600843 23.413560 26.706968 27.119490 21.019170 24.939339 24.854905 24.068621 25.812614 25.074858 27.668148 24.386522 26.914179 24.415242 24.453710 25.252389 25.922358 25.679297 23.310377 22.355086 26.896927 25.223891 22.284542 24.517845 25.089788 22.001905 23.814593 26.050916 24.871197 27.976406 23.289260 27.066706 23.023422 24.029737 26.010812 21.974203 24.272949 26.717852 22.393122 21.896009 24.939304 24.319636 24.967211 23.912698 134.471268 23.103286 22.625679 26.577850 23.304117 25.143801 25.832969 23.321860 25.547030 24.605194 23.054916 27.331021 22.777706 25.230796 24.871426 26.531062 23.703409 27.964442 26.214099 27.210957 25.590908 27.088596 25.843609 27.122903 24.795679 24.079161 25.256801 25.824148 26.386411 22.354844 26.233457 26.152967 24.409044 23.580128 28.642370 24.080299 25.798769 26.979399 21.891555 25.808050 28.203633 27.250032 26.393756 24.390940
24.518294 27.018921 24.201610 22.908677 24.605818 24.297579 24.452157 26.586839 25.906607 24.336512 28.152021 25.575818 24.041718 23.233999 27.358515 25.165099 21.963868 24.006277 25.922061 22.633618 23.317448 24.672314 27.437547 25.931185 25.588569 23.901457 23.627756 24.132662 26.847450 25.125899 24.591626 23.035835 26.157934 24.365763 20.889418 21.388809 26.268027 21.772077 23.127598 23.946550 23.175328 26.912345 21.086167 25.411907 22.810546 24.296365 25.224420 22.507606 23.480577 28.156910 25.078035 21.838723 24.636791 23.231490 23.885791 21.659233 23.103286 133.072378 21.772689 25.621406 23.186584 24.699046 25.995279 23.632696 25.604306 22.260053 21.985361 27.124902 24.034634 26.543791 24.348796 24.082792 23.413557 26.625253 26.831847 24.586070 23.849331 26.533727 23.650111 24.064356 21.131196 25.235127 23.131779 24.765413 25.258660 24.939729 26.283691 22.784969 25.371048 22.591031 26.275837 23.517835 27.205849 25.245391 20.837797 27.531845 25.965595 26.210953 24.405967 24.238078
21.832215 24.878914 22.372020 22.544307 23.223174 24.050470 22.060797 25.144563 27.244483 23.323106 25.847501 25.800618 21.902173 21.447736 24.176874 24.289615 21.731381 24.726382 24.125156 21.109996 22.850379 22.163043 23.962020 24.121454 23.275954 20.480694 23.636207 23.089347 23.293005 23.111260 21.515395 20.731169 24.926252 22.546161 19.458623 20.614229 22.548680 19.684646 20.283134 22.810910 21.925321 26.348994 21.163076 25.435773 22.024444 23.373978 22.897996 20.496846 21.846023 24.356230 20.860390 21.257745 21.658721 22.649224 23.037484 22.202821 22.625679 21.772689 128.093251 24.296194 22.020469 22.423193 23.211210 21.161056 22.365449 20.388824 19.810797 24.371497 23.002883 23.625122 22.531241 22.942769 22.956998 25.182230 24.922943 24.581099 22.749070 24.653885 22.234159 24.024373 21.869802 23.105475 22.092523 23.872198 23.755571 22.274348 24.261687 24.212797 23.828400 22.169897 25.891166 22.937993 21.610005 24.160076 20.435499 25.988850 23.827103 23.771048 23.869148 23.963731
26.516383 28.268793 25.337039 25.334769 26.138980 27.286668 26.737123 27.156627 29.057826 25.952404 29.403075 25.809660 24.286989 23.713028 28.979972 27.602400 23.150304 24.544248 27.617080 23.643717 26.652425 26.480203 28.903133 25.929573 26.173864 24.160720 26.545198 24.689238 27.555506 25.629687 23.887066 23.631879 28.092513 26.773115 23.633768 22.833905 26.347779 23.215469 25.037360 25.592036 25.109424 26.583917 23.410968 27.949802 24.020127 26.980599 26.774201 23.595312 26.591604 28.453035 24.880346 23.413389 26.016094 25.572909 26.267711 22.147616 26.577850 25.621406 24.296194 135.696872 25.038444 25.396459 27.778087 24.549349 29.109415 24.037220 22.374933 26.881117 25.751756 26.782244 25.503792 26.376855 25.741682 26.759788 28.143487 26.674402 24.966830 27.776289 25.600726 26.401271 24.297059 25.867780 25.352826 26.627616 26.613091 24.247899 28.290865 27.559776 25.641368 25.926147 28.957039 24.987366 27.998092 26.900948 22.269513 27.178179 27.018002 27.828711 25.619546 27.716429
24.437346 25.843238 24.394154 21.001091 24.574277 25.399487 23.827665 26.179497 26.550629 25.412579 27.722697 25.643491 23.632490 22.603825 25.377644 23.724784 21.429664 24.164791 25.687748 23.567874 24.589144 24.533140 24.528187 22.974531 25.529700 21.907781 24.028889 24.623273 25.268382 26.121131 23.704614 23.017633 24.131677 21.934602 20.861704 21.611210 24.699738 22.337751 24.369797 22.518958 24.013750 26.561450 21.950979 24.944255 22.113449 24.135659 24.089774 22.939691 22.515858 24.254216 24.897258 24.250932 25.171600 22.343165 24.218875 21.187478 23.304117 23.186584 22.020469 25.038444 132.269100 26.555425 23.683273 21.169951 24.147818 22.945676 21.758670 25.670272 23.608598 25.535806 24.346046 22.069779 23.525273 26.806739 27.849875 24.751838 24.851549 24.711524 23.162753 25.368196 22.084865 26.014721 23.119542 25.655644 24.477124 22.150649 25.721151 24.268700 24.545136 24.810849 25.650955 22.349426 25.051976 23.473031 21.081349 25.534840 23.649190 26.620201 25.429928 24.392128
26.539130 26.409210 25.045294 22.209095 26.651917 25.231908 24.110626 26.561244 27.666232 25.222671 29.048778 27.785823 25.481229 23.042177 25.535344 27.516153 23.212655 26.588583 27.068288 24.182327 25.540200 25.976674 26.571223 24.160440 24.939977 23.979431 25.484244 25.580489 28.183504 26.385458 24.111296 23.487699 27.007463 25.663602 22.730287 24.104011 26.690676 24.678648 24.043610 25.818365 23.481046 27.403501 22.387446 26.328589 22.313053 26.029058 26.503032 23.894945 23.431166 27.438377 25.670429 22.667036 26.339453 24.424149 26.163521 23.123759 25.143801 24.699046 22.423193 25.396459 26.555425 134.379483 27.029134 23.728881 26.471483 25.597899 24.744735 25.642560 25.506442 26.550217 24.187219 23.381764 23.345208 27.518991 28.931682 26.373533 25.722542 26.702365 26.360269 26.368784 22.007950 26.567538 24.041990 27.145705 26.518360 23.908962 26.951631 24.303570 23.851514 25.872398 27.994017 23.298865 27.678170 25.138052 22.221817 27.188932 26.927947 29.408474 26.091147 26.573110
26.324068 26.545605 25.653581 23.360266 26.635979 25.523259 24.762777 27.115951 29.452421 25.987747 28.308798 27.332345 24.365162 24.269291 28.659115 26.924461 23.235676 25.489182 27.878227 21.075842 25.207409 24.197748 28.069649 25.877843 26.444880 22.532359 25.393611 25.808438 28.151745 28.325560 24.975229 23.055672 27.277444 26.024427 22.274561 22.550462 26.051527 22.686722 23.548037 25.981074 23.784469 27.429899 22.789747 26.807363 22.341092 25.457213 26.392200 24.481024 23.693964 27.399804 25.424346 22.553521 24.758166 24.016904 25.419643 23.750584 25.832969 25.995279 23.211210 27.778087 23.683273 27.029134 135.716593 25.588814 26.641120 24.850223 23.966465 25.296160 23.315819 26.491149 24.581874 24.283182 25.452153 27.937005 27.337352 26.408230 24.849027 27.279774 25.250959 27.341672 24.737998 25.943968 24.557122 26.826734 26.901099 24.894621 27.812806 24.813819 25.802308 24.967208 27.863423 25.416951 26.652777 24.893501 22.989712 27.052860 25.786659 28.098583 25.755942 24.911161
26.083499 24.154251 25.468246 21.990138 24.609272 24.171445 22.922058 24.693212 25.985505 23.816679 25.453856 24.743470 24.270691 20.784831 25.199150 24.620003 20.253067 22.819077 23.955261 22.713304 23.148345 22.487639 27.682055 23.957872 24.801745 20.268567 25.337912 22.800265 24.325853 25.315429 23.094862 20.355221 24.275545 24.093216 20.749285 22.006847 24.346247 21.756231 21.544203 23.982453 22.802716 25.923073 21.647372 24.521298 21.776153 23.724366 24.132468 22.425190 21.366777 25.550169 21.864546 22.820813 23.139806 22.804120 23.564041 19.527395 23.321860 23.632696 21.161056 24.549349 21.169951 23.728881 25.588814 130.450442 23.998800 21.837185 21.588639 24.137832 22.428608 23.608694 22.843309 22.168416 23.869091 24.379536 24.252202 25.659574 21.947700 24.828406 22.914574 23.986267 22.534317 24.319716 22.418302 23.965837 24.644398 22.998777 26.083146 24.228866 22.972417 21.173897 26.057244 22.812204 25.667850 24.904145 20.980293 23.951046 24.475661 26.188841 24.075570 23.827824
27.298246 26.899134 25.310266 24.545095 27.088022 25.291527 26.327884 28.529148 27.893430 25.104269 29.157564 26.403337 24.700375 23.490113 28.016060 25.453351 23.717254 24.596449 27.078738 25.299122 25.810000 25.857107 28.284116 26.020974 26.604074 23.409658 27.833836 24.224754 28.144165 26.840819 24.436485 23.218496 28.250898 25.923037 22.462154 23.524474 26.498498 23.825280 24.531874 25.628105 23.110582 26.112001 24.292377 26.440190 24.104687 26.563540 26.751109 23.473027 24.244265 28.784074 25.856417 23.730018 26.326435 26.584020 24.896117 23.464964 25.547030 25.604306 22.365449 29.109415 24.147818 26.471483 26.641120 23.998800 135.150956 25.280976 23.522123 26.811387 26.249370 26.779007 24.218823 26.001786 25.295038 27.268113 27.816853 26.594832 25.039002 27.253784 25.919376 25.429515 24.983909 25.105803 25.367473 26.078217 26.612760 25.014572 27.774005 26.420436 25.828516 24.653066 28.887907 25.457059 27.676831 28.655792 22.014080 28.057793 27.722224 27.911898 24.629468 26.330401
26.771469 23.123717 23.211111 21.905406 26.028298 24.511252 23.813853 24.957120 25.848649 24.009313 26.593150 24.680122 23.576756 24.728410 25.669203 25.035041 21.537957 24.083759 25.304281 23.464710 23.639488 25.580706 24.287882 24.400826 23.496108 22.271120 25.077133 23.809289 25.460719 24.016280 21.804137 21.330316 26.203607 24.373521 21.853506 22.400540 24.363607 23.043857 20.873438 23.595227 23.970524 26.826161 22.664135 24.609656 20.602056 21.983706 25.189540 22.428958 22.423558 25.854565 23.598885 21.106036 24.823607 22.943139 22.903032 21.239231 24.605194 22.260053 20.388824 24.037220 22.945676 25.597899 24.850223 21.837185 25.280976 131.951917 22.221307 25.017911 23.163264 23.592288 21.847949 23.877657 24.476536 24.901072 25.383804 24.046103 22.607808 26.047152 25.224332 25.369781 22.579745 24.871128 23.060570 26.585021 25.288937 22.829855 24.110317 23.199716 23.492899 23.612196 26.511855 24.374161 25.409192 25.962021 22.593361 24.262260 23.977035 27.943143 25.247033 24.892725
25.556779 24.066890 20.482674 21.114354 23.681557 22.312753 23.131713 24.244927 25.636539 23.660453 24.859962 24.245646 21.747743 20.857971 22.788192 23.549118 19.528778 23.129039 25.185023 21.724769 22.230178 21.930669 23.392807 23.015503 22.336945 19.713055 22.436733 22.000809 25.729501 24.528538 19.715937 21.615793 24.141116 20.882610 19.186929 20.842960 25.798903 21.046233 21.721602 24.004859 20.190617 25.583190 21.225551 23.515294 19.769171 22.909775 24.229863 21.217007 20.866846 22.824020 23.508145 20.773333 22.875098 22.648510 22.300851 20.617436 23.054916 21.985361 19.810797 22.374933 21.758670 24.744735 23.966465 21.588639 23.522123 22.221307 128.535309 24.279285 22.405064 24.158135 21.601090 20.266912 22.517298 24.427326 25.347386 22.422430 21.856673 24.354522 23.113462 24.338502 20.338150 23.785179 22.759733 22.528161 23.113971 20.261227 23.119179 24.754566 22.269712 21.492037 24.996119 21.605127 23.601898 22.417055 20.219565 22.811066 23.894071 24.936947 23.751336 22.854045
28.596851 29.303448 26.125628 24.685955 27.835010 26.359356 26.317681 28.048740 28.570850 26.602359 30.720307 28.662586 25.605420 26.207665 29.372387 27.839261 23.707631 26.788255 27.175693 27.235659 26.563475 27.240768 28.337102 27.096494 26.783855 25.339755 26.871962 24.701391 27.170743 25.964440 25.889350 24.538443 27.690527 24.620011 22.743905 23.934718 27.871655 23.076018 25.126811 26.722056 27.120604 29.178282 24.533185 28.061150 24.319191 25.590155 27.879861 25.144235 26.062018 28.382610 25.302860 22.989629 26.262176 26.756439 25.674295 23.771464 27.331021 27.124902 24.371497 26.881117 25.670272 25.642560 25.296160 24.137832 26.811387 25.017911 24.279285 136.084754 25.408687 27.650369 27.720557 26.132721 26.716364 27.815338 28.647681 27.145814 26.041023 27.293208 27.498266 27.952771 25.858282 27.485754 27.130685 28.344032 27.062723 26.851854 28.368068 26.581737 27.704384 23.918554 29.379759 26.515944 28.015781 28.146498 23.493844 27.630606 28.619981 28.569293 27.159063 26.311044
25.894716 25.088509 23.881480 24.226655 24.119827 23.818642 26.125930 26.293580 25.801156 25.034961 27.148252 25.568099 23.153246 23.113171 25.565573 25.388544 21.886049 24.449438 24.679429 23.147513 25.567336 24.208153 25.297672 23.911262 24.651655 22.171411 24.402823 23.943400 24.736224 23.620882 22.448391 23.312546 27.183181 23.294885 21.242811 22.301720 24.863496 23.222241 23.392822 23.767459 23.648838 25.958295 21.694427 25.208834 22.645755 24.880457 25.408186 23.145416 21.837727 25.659557 23.597481 22.782788 21.624044 23.705373 24.362089 23.030215 22.777706 24.034634 23.002883 25.751756 23.608598 25.506442 23.315819 22.428608 26.249370 23.163264 22.405064 25.408687 131.166051 25.182882 23.996929 23.919954 23.229953 26.599802 27.849364 24.676800 23.733901 26.329520 24.034782 24.613938 21.652050 24.503714 23.416203 23.192075 25.048467 21.824854 24.921513 23.960951 23.806250 23.347512 26.867439 22.283948 25.296116 25.385482 22.444356 26.065468 25.399946 26.569878 24.608183 25.907841
26.510310 27.784082 25.557023 22.997788 27.165559 25.032854 24.628345 26.427793 29.438048 25.820506 29.258709 27.148781 24.478890 24.379057 26.161920 26.291095 21.473155 26.337527 27.053356 24.907327 24.735664 24.917520 27.232118 24.947444 25.339628 23.853298 25.552817 25.427008 27.158066 25.508933 22.952511 23.498099 27.980802 24.091845 20.866984 23.104635 26.570856 22.876389 23.559816 25.028963 24.114704 26.429717 23.271278 26.084037 23.477692 24.045138 26.331817 23.000493 23.274309 26.970033 24.525022 23.667545 25.466019 25.618118 24.776111 23.489723 25.230796 26.543791 23.625122 26.782244 25.535806 26.550217 26.491149 23.608694 26.779007 23.592288 24.158135 27.650369 25.182882 133.835103 25.449264 24.067708 23.925680 27.713687 28.664476 25.050950 25.164297 26.073597 23.300659 26.370090 24.028052 25.852013 24.903724 25.825256 26.272470 24.058751 27.259520 27.093823 25.727056 23.646840 27.393436 25.602029 27.553770 25.856099 22.690208 28.601744 27.793521 27.346921 24.257497 27.192523
26.769941 26.131424 23.729957 22.959973 26.379185 24.938421 24.678098 26.506365 27.706693 26.891654 28.899641 25.148382 25.514795 23.909368 25.347664 26.528248 23.883720 25.497881 25.699522 25.540837 24.325961 26.712459 24.938240 24.803115 26.007781 22.339168 24.024649 23.225715 25.802309 23.406962 23.205616 23.461126 26.142091 23.562419 22.061339 24.057225 24.587783 22.328246 22.792944 23.562264 23.854434 28.091901 23.729655 24.978275 21.586584 24.393888 27.082779 23.745542 23.980364 25.873467 23.506059 21.379552 24.689843 24.163679 23.009802 22.286182 24.871426 24.348796 22.531241 25.503792 24.346046 24.187219 24.581874 22.843309 24.218823 21.847949 21.601090 27.720557 23.996929 25.449264 132.242150 24.125812 24.571036 27.263021 25.617877 25.597098 24.850959 27.568014 25.048137 25.245299 23.628386 23.053288 25.212409 25.243113 25.056092 21.910958 28.187684 25.862582 24.093980 23.285619 26.872927 22.524714 24.636938 24.603784 22.859027 26.238039 24.991933 26.585437 25.099427 24.386887
26.631998 24.848861 24.785767 23.590586 25.938480 23.744756 24.340044 26.021535 25.458003 24.903315 27.820920 25.210178 22.927760 23.682460 27.549264 26.623570 22.615224 24.717043 23.187525 22.307178 25.278007 26.193706 25.794679 24.177264 24.287580 22.799591 25.337500 24.781514 24.712163 23.844833 23.607832 22.063005 27.509953 23.631422 20.580984 22.880429 23.190888 20.600228 21.080000 24.856575 23.186825 26.752263 22.548067 25.582240 22.777022 23.798938 25.823301 21.974486 23.274289 26.587914 23.694429 21.753584 23.251113 24.343665 23.866141 23.713994 26.531062 24.082792 22.942769 26.376855 22.069779 23.381764 24.283182 22.168416 26.001786 23.877657 20.266912 26.132721 23.919954 24.067708 24.125812 131.605925 23.430903 26.900939 26.440284 24.632720 23.849564 28.189992 26.749018 25.100100 23.307237 23.259930 23.413558 25.724321 25.838998 23.069275 24.463341 24.081919 24.357828 20.907124 28.329178 23.102294 25.493821 26.239539 21.617082 27.363732 25.553120 27.151490 24.452080 24.563797
27.598002 24.504028 23.929247 22.736744 25.234927 24.544490 25.749363 25.580869 27.343774 24.227192 26.579971 24.774340 22.533511 25.797718 25.999262 25.701258 22.182907 24.533001 25.117422 24.211625 23.601286 25.355154 25.308022 24.270754 24.680858 22.115208 26.711746 22.666960 26.689409 24.564843 23.685357 23.077053 26.045801 24.104504 20.818625 22.176398 24.281289 22.782379 23.736018 24.226980 25.124367 26.403170 21.971968 27.531690 22.082638 25.158514 25.965710 22.077079 22.806555 26.321086 23.610148 22.158974 24.717719 24.280599 23.235082 21.632949 23.703409 23.413557 22.956998 25.741682 23.525273 23.345208 25.452153 23.869091 25.295038 24.476536 22.517298 26.716364 23.229953 23.925680 24.571036 23.430903 132.534020 25.950165 24.229450 25.478655 22.256346 25.826116 25.086821 24.113423 22.972115 25.347481 24.914205 26.520486 25.226707 22.672641 26.162482 24.996499 24.488203 24.063945 28.101753 24.400023 25.078300 25.360693 22.173029 24.821376 22.749776 25.403856 25.432490 24.543059
28.371183 27.470131 26.084662 25.230940 28.830318 27.515108 27.745333 29.390367 30.009430 28.862524 31.393446 27.277543 25.273272 24.599806 28.225515 27.469778 24.699731 28.321178 29.083552 26.023716 27.575252 27.040923 27.912835 26.811835 28.921450 23.739100 26.020189 28.040639 29.122169 27.817100 25.647565 25.507768 29.143707 26.587017 24.259085 25.965218 26.726425 25.408134 24.289110 26.305657 25.335266 29.502919 24.658630 26.958613 24.396428 28.097894 29.317109 24.605275 23.484069 28.888620 26.729784 25.422594 26.657297 23.826410 27.895392 26.278321 27.964442 26.625253 25.182230 26.759788 26.806739 27.518991 27.937005 24.379536 27.268113 24.901072 24.427326 27.815338 26.599802 27.713687 27.263021 26.900939 25.950165 135.863592 29.953813 27.193576 27.087780 29.021128 26.273982 27.227177 24.995680 27.297955 26.428170 27.187534 27.400659 24.616137 28.617211 27.261818 27.494295 25.307876 30.541047 24.756148 27.188995 26.984533 24.652335 29.717849 27.682807 29.274795 27.866738 27.626415
28.189943 28.143723 26.409509 25.739524 29.067283 25.628185 27.407990 30.164375 28.385580 27.562119 30.992910 28.809522 25.805601 24.996274 28.654360 27.989086 24.699682 28.395639 28.627308 25.714787 27.988273 27.324575 28.668978 27.412290 27.894836 24.431058 27.980147 26.899873 29.862286 27.522347 26.858417 25.921748 27.988086 24.970508 24.187006 24.483449 28.555579 24.857034 27.300719 28.254716 24.973903 31.427972 23.998841 28.479080 25.604092 27.078833 27.552692 25.559172 24.563347 27.111252 27.007082 25.077288 27.582379 26.980024 28.016742 25.574674 26.214099 26.831847 24.922943 28.143487 27.849875 28.931682 27.337352 24.252202 27.816853 25.383804 25.347386 28.647681 27.849364 28.664476 25.617877 26.440284 24.229450 29.953813 138.012145 28.013329 27.790938 30.644937 27.417309 28.770095 25.014166 28.762489 26.569529 27.984699 28.975462 25.837633 26.778809 27.829612 25.316674 25.113106 28.525284 25.555430 27.818438 26.628129 25.029102 28.665384 27.990211 29.978500 27.394750 27.837799
25.251456 25.315100 24.583859 24.619970 26.546808 24.986526 25.994293 26.549050 27.964591 26.429221 28.594884 27.120522 26.828780 22.938308 26.477302 25.551028 24.752092 25.046223 27.196206 24.564564 25.197225 26.129365 27.818973 26.891139 26.890863 22.105430 27.255824 23.656488 27.085264 26.283695 23.647073 22.074231 26.907380 25.287556 22.415908 23.544846 25.836270 23.896974 24.142105 25.610927 24.256195 29.063374 23.015042 27.736940 23.380920 25.706593 24.680216 22.646378 23.431672 26.898955 23.494877 22.165607 26.408108 24.126098 25.144926 22.810597 27.210957 24.586070 24.581099 26.674402 24.751838 26.373533 26.408230 25.659574 26.594832 24.046103 22.422430 27.145814 24.676800 25.050950 25.597098 24.632720 25.478655 27.193576 28.013329 135.200099 24.605037 28.499820 25.322717 26.318800 24.892954 25.435362 23.865212 26.244623 26.526448 22.470983 27.138099 26.233407 24.752374 23.996557 27.936755 23.491915 27.046923 27.369864 22.346984 26.948467 27.438717 26.785264 26.806809 24.637537
23.784297 25.767434 23.391084 23.107971 25.153854 24.397937 23.372987 26.171142 27.214421 24.401841 28.643649 27.330914 23.431474 22.054115 25.903714 26.074893 23.015936 25.800192 25.436400 24.444136 24.546254 24.145616 26.164230 23.210448 26.135214 22.216072 24.405761 23.869335 26.958390 24.626359 22.169084 22.270616 25.196970 23.408842 20.675794 23.195899 24.630994 20.927600 23.687881 23.581297 22.762201 28.780940 21.277435 25.239619 22.178068 22.612196 24.401789 21.637817 22.464995 25.249690 24.380592 23.315822 24.599193 23.302186 24.122467 22.392516 25.590908 23.849331 22.749070 24.966830 24.851549 25.722542 24.849027 21.947700 25.039002 22.607808 21.856673 26.041023 23.733901 25.164297 24.850959 23.849564 22.256346 27.087780 27.790938 24.605037 130.663074 26.573396 23.942220 23.819576 21.940260 24.647048 23.471189 26.452308 26.357598 24.367578 26.413227 24.625813 22.356330 22.631606 26.962100 23.029235 23.573688 25.343727 22.208596 25.448823 25.435053 26.935190 23.859652 25.083512
28.713422 27.410650 26.354228 26.733612 28.354924 27.489660 25.314320 30.721510 28.841403 28.144720 31.375080 26.621145 27.062662 25.835805 28.942160 28.974933 24.132202 27.156538 27.890777 24.933682 26.178949 28.963890 27.890635 26.035339 25.851432 24.811962 29.067905 27.411281 27.798299 26.949946 24.460129 24.737554 29.553798 26.050122 24.777390 24.432529 26.551116 22.945975 24.441333 26.582877 25.437582 31.221958 24.525677 27.604684 23.289863 25.609426 26.691949 24.520026 23.600728 26.750078 26.775448 23.945436 27.947939 26.004289 24.754721 24.811743 27.088596 26.533727 24.653885 27.776289 24.711524 26.702365 27.279774 24.828406 27.253784 26.047152 24.354522 27.293208 26.329520 26.073597 27.568014 28.189992 25.826116 29.021128 30.644937 28.499820 26.573396 138.722349 26.941966 28.239978 24.625779 26.026979 25.959863 26.832667 27.624291 24.188654 27.246739 28.069127 25.530629 25.032766 29.631016 26.405336 28.202644 28.274581 23.954276 27.567346 28.294075 27.439304 28.434502 28.493737
27.777364 25.454627 24.310816 23.280870 27.930474 25.091880 24.584502 27.579398 26.349919 26.000510 29.485065 27.065645 23.965480 23.922136 25.415694 26.393334 24.021099 25.983085 25.897324 24.461742 25.014821 28.588078 25.368130 25.199876 25.728617 22.302262 26.592245 24.209128 26.498284 23.889246 26.050565 23.211382 27.539561 24.408918 21.498121 22.991314 26.016564 23.452246 22.819688 24.236530 24.884470 26.926026 23.277134 26.662498 23.126396 26.035554 26.998739 23.749275 24.226601 27.509841 24.024618 22.773666 26.236829 26.656910 23.693178 23.530345 25.843609 23.650111 22.234159 25.600726 23.162753 26.360269 25.250959 22.914574 25.919376 25.224332 23.113462 27.498266 24.034782 23.300659 25.048137 26.749018 25.086821 26.273982 27.417309 25.322717 23.942220 26.941966 134.672196 26.580196 24.098669 24.751688 24.350323 27.097649 27.215474 23.377972 25.423033 25.115442 24.263992 23.012482 28.200205 24.120212 26.482025 26.033445 22.715499 26.881268 25.658178 27.379986 25.468713 24.772014
26.463239 26.016378 26.143753 23.316222 27.072251 25.335120 25.391683 27.238157 28.338208 25.914363 29.064059 27.455399 25.231240 24.129459 25.691185 26.913766 22.041702 24.948539 25.626094 24.042738 26.147003 24.858798 27.638193 25.811103 25.420351 23.417386 26.152423 27.135418 25.458203 26.046712 24.886605 22.238912 26.390575 24.340772 22.449142 23.167278 26.763417 22.332298 23.517153 24.743575 25.853008 29.252138 24.244332 26.972184 23.656236 25.093152 26.396725 24.163067 24.493181 26.029309 24.071986 22.462756 25.047669 24.006586 25.337698 23.927373 27.122903 24.064356 24.024373 26.401271 25.368196 26.368784 27.341672 23.986267 25.429515 25.369781 24.338502 27.952771 24.613938 26.370090 25.245299 25.100100 24.113423 27.227177 28.770095 26.318800 23.819576 28.239978 26.580196 135.143840 25.012031 25.405091 24.453358 27.195159 26.640008 23.518488 26.432931 25.530380 25.365569 23.801982 28.804842 26.900936 26.275584 27.348883 21.970202 26.562494 28.180828 27.479079 27.201650 26.530014
25.029747 24.434718 22.416799 21.917013 24.684464 23.572097 24.494255 24.453685 25.715377 24.333215 26.081387 24.817067 21.690353 22.340487 25.954470 23.790993 21.507252 24.099068 24.217716 22.605752 24.021898 24.466171 24.675971 24.335340 24.200921 20.868278 24.347472 22.538968 23.140774 23.663666 22.573592 19.890552 25.333038 24.009790 20.047885 23.174539 23.398853 20.898330 22.158900 23.370896 23.515055 25.777488 21.910050 24.668929 21.118023 23.079497 24.206511 21.714465 22.066690 24.601786 21.796648 22.369794 23.486044 22.837768 21.955449 22.849509 24.795679 21.131196 21.869802 24.297059 22.084865 22.007950 24.737998 22.534317 24.983909 22.579745 20.338150 25.858282 21.652050 24.028052 23.628386 23.307237 22.972115 24.995680 25.014166 24.892954 21.940260 24.625779 24.098669 25.012031 130.634105 24.654121 22.194764 24.454297 24.225617 22.543584 25.997127 23.151326 22.860913 20.749016 25.624984 24.003602 23.011384 23.878426 20.284709 24.521752 23.255197 26.225218 25.018388 23.137362
25.004793 26.606218 24.131803 22.742293 26.447545 25.157173 24.754001 26.732566 27.507819 24.237547 27.753271 27.254777 22.992929 24.085559 27.607637 26.011240 22.379081 24.216145 27.013626 23.617403 24.225386 25.570611 27.835774 24.321057 26.769925 23.824597 25.456211 25.044849 27.036409 26.311473 24.060845 22.259244 25.916320 24.878810 21.339376 22.532880 26.977674 24.143133 24.460242 25.254305 23.368263 28.465408 22.298726 25.795151 23.067190 24.777313 25.471763 23.296899 23.317246 26.908159 24.507800 23.135134 24.621621 23.807989 25.127955 24.173532 24.079161 25.235127 23.105475 25.867780 26.014721 26.567538 25.943968 24.319716 25.105803 24.871128 23.785179 27.485754 24.503714 25.852013 23.053288 23.259930 25.347481 27.297955 28.762489 25.435362 24.647048 26.026979 24.751688 25.405091 24.654121 133.077053 24.262165 27.995640 25.465967 24.584601 27.085058 24.062619 24.306278 25.312535 25.923081 24.872116 26.068906 24.357907 22.874598 24.906819 24.278219 27.605481 27.234058 24.685566
25.591922 25.495097 22.213682 23.012822 24.638414 25.129314 24.937430 27.256855 27.041868 25.587734 28.434074 24.141550 23.475528 23.313794 24.857672 26.438040 22.278810 25.971908 26.431812 22.647855 25.164119 25.099863 25.448190 24.154291 23.281406 21.600692 23.430305 23.100250 26.509319 24.130688 22.302444 22.488824 27.140655 21.817622 22.659427 23.176606 25.043108 21.365313 23.032924 26.144741 22.384338 27.800227 23.257360 25.271348 22.179262 24.182691 26.792330 22.585064 21.938548 26.626007 22.571445 21.055351 24.374101 22.761547 23.290475 21.933675 25.256801 23.131779 22.092523 25.352826 23.119542 24.041990 24.557122 22.418302 25.367473 23.060570 22.759733 27.130685 23.416203 24.903724 25.212409 23.413558 24.914205 26.428170 26.569529 23.865212 23.471189 25.959863 24.350323 24.453358 22.194764 24.262165 131.377650 24.865388 24.285933 21.652315 24.705194 25.723908 25.085034 24.335787 27.346660 24.305044 25.348497 25.710407 21.855521 25.601305 25.077166 25.501011 25.085630 24.298977
26.585186 25.507494 25.408780 23.483660 28.430217 27.143146 24.623983 26.476888 29.663667 26.665351 30.041263 28.554073 24.446525 24.669531 27.620996 26.462118 23.619688 26.976094 26.344072 25.478281 26.146000 25.876266 26.959638 25.522093 26.583300 23.540325 27.454940 25.711476 27.072893 25.390567 24.791992 21.877886 26.229502 25.368283 22.766124 22.685644 25.096258 21.811181 24.563683 23.759159 25.536922 29.177917 20.806360 26.978810 23.744515 24.770517 26.551987 23.683937 25.101228 26.850147 25.162598 22.806031 25.857187 22.958750 25.506570 22.597189 25.824148 24.765413 23.872198 26.627616 25.655644 27.145705 26.826734 23.965837 26.078217 26.585021 22.528161 28.344032 23.192075 25.825256 25.243113 25.724321 26.520486 27.187534 27.984699 26.244623 26.452308 26.832667 27.097649 27.195159 24.454297 27.995640 24.865388 135.318592 29.057848 26.193728 27.688645 25.879080 25.858963 24.410912 29.524144 26.608201 25.955516 27.490414 23.369440 26.194759 26.436702 28.946559 27.148937 26.445046
27.208726 24.956459 26.276901 25.338636 26.251720 25.345623 25.883753 26.129866 28.895362 27.086708 29.116806 26.567932 24.522496 24.264675 27.455352 26.488531 23.365039 26.340241 26.633497 24.387767 27.079872 24.307437 26.890782 25.891638 26.408539 23.769054 26.166335 25.088919 27.937697 25.147196 23.857039 22.887289 26.380862 24.858312 23.137773 23.191884 24.242696 22.012414 24.159083 24.101760 24.980329 29.841202 21.280825 26.134170 21.909067 25.772200 26.382285 25.858258 24.167594 26.541848 25.665958 23.245034 25.606254 25.041825 26.272531 23.726106 26.386411 25.258660 23.755571 26.613091 24.477124 26.518360 26.901099 24.644398 26.612760 25.288937 23.113971 27.062723 25.048467 26.272470 25.056092 25.838998 25.226707 27.400659 28.975462 26.526448 26.357598 27.624291 27.215474 26.640008 24.225617 25.465967 24.285933 29.057848 134.212544 25.328909 26.047414 26.363184 24.910884 23.577186 28.410499 24.449642 26.406942 27.132964 22.880369 26.596917 26.854262 27.520824 25.695854 26.208317
25.058647 24.019262 24.123993 19.985083 25.577227 24.336363 21.797152 24.908041 25.645769 22.563551 27.848428 25.012338 21.420981 21.956553 26.530659 24.407386 21.352244 23.757704 23.990450 22.194306 22.200305 22.313178 24.616447 22.194869 24.779639 21.129399 25.272558 21.785834 23.218117 23.336961 22.846035 21.163024 24.071296 22.854129 19.775920 19.909907 23.510398 19.372272 20.509553 23.050295 23.081692 25.564326 19.686354 24.768945 21.420354 22.868530 24.004638 22.495197 21.834405 25.291793 22.592973 21.463267 22.500247 21.796339 22.719628 20.853814 22.354844 24.939729 22.274348 24.247899 22.150649 23.908962 24.894621 22.998777 25.014572 22.829855 20.261227 26.851854 21.824854 24.058751 21.910958 23.069275 22.672641 24.616137 25.837633 22.470983 24.367578 24.188654 23.377972 23.518488 22.543584 24.584601 21.652315 26.193728 25.328909 130.228876 25.160416 22.545456 24.245464 21.544422 25.105656 22.852504 24.945177 23.282239 21.428573 25.612356 24.698230 26.794594 23.624086 24.114644
27.057551 28.341426 24.598382 24.416107 27.918946 28.418610 24.268879 28.035227 30.258356 27.326488 30.758588 27.786718 26.100354 24.955061 28.510101 27.229073 23.974161 26.926989 27.427420 25.814685 25.186129 26.742314 27.738256 26.927430 28.057005 23.218531 25.947272 24.563774 29.045794 25.756718 24.985685 22.504085 27.356528 25.818493 23.078631 24.751941 26.787494 24.106742 23.303464 25.192928 24.391333 28.178459 24.641329 26.546924 22.746432 25.797034 26.457685 22.549202 25.371304 28.695390 25.553553 24.407287 26.712415 25.542288 24.717560 23.087255 26.233457 26.283691 24.261687 28.290865 25.721151 26.951631 27.812806 26.083146 27.774005 24.110317 23.119179 28.368068 24.921513 27.259520 28.187684 24.463341 26.162482 28.617211 26.778809 27.138099 26.413227 27.246739 25.423033 26.432931 25.997127 27.085058 24.705194 27.688645 26.047414 25.160416 136.488702 25.944514 25.380957 24.884600 28.512986 24.809958 26.278324 27.196800 21.848933 26.704840 26.677046 29.466983 26.643289 26.599287
26.319596 27.205635 24.567575 24.253476 26.368028 26.631110 25.437304 27.151192 30.201114 26.596450 28.444010 27.239643 24.474453 23.632027 25.981257 26.396017 22.514947 25.589153 26.546002 26.357163 24.216030 25.475561 27.344537 25.544982 26.122223 22.232845 26.362541 24.506296 25.933602 25.890928 21.977278 23.953291 27.052937 23.701439 21.648149 24.032800 25.259832 21.843513 23.978553 25.899748 23.428606 28.293435 24.531738 26.129069 23.362107 24.582525 26.109286 23.392818 24.530704 25.033489 23.520211 23.554749 25.412612 25.608200 23.920270 22.305364 26.152967 22.784969 24.212797 27.559776 24.268700 24.303570 24.813819 24.228866 26.420436 23.199716 24.754566 26.581737 23.960951 27.093823 25.862582 24.081919 24.996499 27.261818 27.829612 26.233407 24.625813 28.069127 25.115442 25.530380 23.151326 24.062619 25.723908 25.879080 26.363184 22.545456 25.944514 134.575668 24.604656 23.652506 28.481222 25.302127 27.342311 25.620466 22.806718 26.802212 26.871583 25.391329 26.674849 27.547724
24.896138 25.322260 24.829590 22.243999 24.732186 26.185803 25.302498 26.914089 28.140985 25.615288 29.176550 25.900236 23.645134 24.206376 27.357010 25.292107 21.563385 24.520770 25.129342 23.537976 24.392664 24.321296 25.640120 25.383758 24.691547 22.145005 25.483336 23.662831 25.886716 25.311823 23.899804 23.339203 27.362270 24.186022 22.155921 21.980896 25.296415 21.688121 21.738541 24.103444 23.516018 26.754163 23.191201 25.622284 22.524215 25.051410 24.390112 22.543392 22.958286 26.826588 23.921648 22.820205 23.850728 22.864594 24.381337 22.550075 24.409044 25.371048 23.828400 25.641368 24.545136 23.851514 25.802308 22.972417 25.828516 23.492899 22.269712 27.704384 23.806250 25.727056 24.093980 24.357828 24.488203 27.494295 25.316674 24.752374 22.356330 25.530629 24.263992 25.365569 22.860913 24.306278 25.085034 25.858963 24.910884 24.245464 25.380957 24.604656 132.052312 24.853667 26.427786 26.014042 26.112747 25.486331 21.251017 26.315560 26.025517 27.013318 25.929039 26.661177
23.875775 24.546228 23.303827 21.526172 24.914019 25.118418 24.469875 24.747563 26.225167 23.417431 27.588219 25.141373 23.834967 23.553424 23.706106 24.329138 21.450579 22.567867 26.581733 21.613462 22.354530 24.123393 25.585763 22.427082 23.649118 21.768018 23.546540 23.183939 24.956894 23.402556 22.183694 23.839359 26.143247 22.380693 21.707117 21.998535 24.001551 23.101449 22.786736 24.391543 22.394552 25.709721 21.746148 24.893036 21.103770 23.131886 23.076469 22.123980 22.092696 25.801566 22.180655 21.858423 24.339117 22.843712 23.326633 20.574218 23.580128 22.591031 22.169897 25.926147 24.810849 25.872398 24.967208 21.173897 24.653066 23.612196 21.492037 23.918554 23.347512 23.646840 23.285619 20.907124 24.063945 25.307876 25.113106 23.996557 22.631606 25.032766 23.012482 23.801982 20.749016 25.312535 24.335787 24.410912 23.577186 21.544422 24.884600 23.652506 24.853667 132.003666 26.238435 25.461489 25.335072 24.134352 21.927665 24.654045 24.394679 25.443324 24.651780 23.876665
28.618266 28.935296 27.056870 27.020521 29.159381 27.412558 28.050837 28.370978 29.289740 28.384714 31.042538 27.472543 24.727549 25.164226 27.798356 28.550053 24.454968 28.787120 27.320664 26.054434 28.761456 26.405615 29.180565 26.120196 27.715397 24.863578 27.734825 27.317549 28.277946 26.994965 25.776157 24.156295 29.080668 26.538624 24.285319 25.454296 28.166459 23.938794 25.666663 27.081432 26.253702 29.723554 24.955593 28.760651 25.047608 26.413140 29.116903 24.443221 24.626042 28.877522 25.909204 24.364873 28.269556 26.622650 26.230356 23.713139 28.642370 26.275837 25.891166 28.957039 25.650955 27.994017 27.863423 26.057244 28.887907 26.511855 24.996119 29.379759 26.867439 27.393436 26.872927 28.329178 28.101753 30.541047 28.525284 27.936755 26.962100 29.631016 28.200205 28.804842 25.624984 25.923081 27.346660 29.524144 28.410499 25.105656 28.512986 28.481222 26.427786 26.238435 137.484431 26.815067 27.294172 29.839101 24.880833 30.292218 28.482191 28.891261 27.523127 29.011491
25.016883 25.725158 24.009742 22.625489 26.078726 25.657054 24.059460 25.949098 27.974450 24.899942 28.184207 25.970754 24.186230 25.363977 24.730471 26.077000 20.097657 23.665134 24.937428 23.257737 22.569289 24.995564 26.821173 23.780914 23.799734 21.909407 25.116506 24.760973 24.095514 24.007941 24.407219 21.980652 27.628593 22.709423 21.021841 23.499015 24.656716 20.959385 21.870760 23.565800 23.335356 26.362993 22.512605 25.280733 22.238821 22.553312 24.254189 21.188847 23.819959 25.975446 22.676557 23.004434 23.058097 22.718276 22.956135 22.351808 24.080299 23.517835 22.937993 24.987366 22.349426 23.298865 25.416951 22.812204 25.457059 24.374161 21.605127 26.515944 22.283948 25.602029 22.524714 23.102294 24.400023 24.756148 25.555430 23.491915 23.029235 26.405336 24.120212 26.900936 24.003602 24.872116 24.305044 26.608201 24.449642 22.852504 24.809958 25.302127 26.014042 25.461489 26.815067 132.315253 25.853622 26.627059 21.953987 25.020024 25.277990 25.831885 24.669879 26.525688
27.795206 27.264877 27.065737 22.296982 27.086621 27.126718 26.280901 27.700340 28.698449 25.159811 30.957842 27.415790 26.122139 25.290857 26.900835 26.970437 22.087986 25.184316 26.743064 24.442906 23.875353 26.457644 27.199991 25.242693 25.487808 23.699726 25.425483 24.738149 26.741046 26.557945 25.704366 24.308006 28.230079 24.170287 22.980067 23.702601 25.594611 24.023160 23.821933 25.919342 25.638372 27.425653 23.331621 26.790342 22.424510 26.018356 27.273364 24.451366 23.409140 29.026847 24.930642 22.391360 26.823052 25.390424 26.011228 21.741171 25.798769 27.205849 21.610005 27.998092 25.051976 27.678170 26.652777 25.667850 27.676831 25.409192 23.601898 28.015781 25.296116 27.553770 24.636938 25.493821 25.078300 27.188995 27.818438 27.046923 23.573688 28.202644 26.482025 26.275584 23.011384 26.068906 25.348497 25.955516 26.406942 24.945177 26.278324 27.342311 26.112747 25.335072 27.294172 25.853622 134.898540 26.990559 24.007823 27.280557 28.239878 27.075266 26.635174 26.809188
27.428236 26.435657 26.665114 25.519581 26.872460 26.267768 25.129438 27.807589 28.076749 26.195136 27.669565 28.483983 25.806071 24.816335 26.126092 26.934496 24.029955 25.919952 26.752248 24.481451 26.903350 26.075801 27.672143 26.869120 25.267658 24.569491 26.627375 25.452216 26.091452 25.485052 25.808586 24.359631 28.477396 24.574915 21.846337 24.201142 26.561801 22.227797 23.731743 24.740910 25.463126 28.988727 23.102838 25.706330 24.606791 24.896472 26.107401 23.481648 23.989776 28.428980 23.242127 23.522650 25.651813 24.970062 26.125336 23.195196 26.979399 25.245391 24.160076 26.900948 23.473031 25.138052 24.893501 24.904145 28.655792 25.962021 22.417055 28.146498 25.385482 25.856099 24.603784 26.239539 25.360693 26.984533 26.628129 27.369864 25.343727 28.274581 26.033445 27.348883 23.878426 24.357907 25.710407 27.490414 27.132964 23.282239 27.196800 25.620466 25.486331 24.134352 29.839101 26.627059 26.990559 134.537335 23.523673 27.515451 28.673525 28.097444 25.920022 27.529550
25.108129 22.160376 21.984515 20.762547 24.840475 22.746197 21.933236 23.787845 23.329045 22.981406 26.608807 24.088933 21.717449 22.015958 22.618984 23.320968 19.544362 23.620539 23.419881 21.487877 21.915472 23.505559 22.604737 22.134728 22.713294 19.563806 22.696566 22.737260 22.664769 23.198077 22.359703 22.587022 24.059813 21.166788 19.169194 20.814013 23.284810 20.065402 20.868649 22.199190 21.752643 25.710496 20.185624 22.677130 19.306554 19.992688 24.885721 22.099255 19.038074 23.551871 20.543157 19.874423 21.246515 20.625959 20.965294 21.039630 21.891555 20.837797 20.435499 22.269513 21.081349 22.221817 22.989712 20.980293 22.014080 22.593361 20.219565 23.493844 22.444356 22.690208 22.859027 21.617082 22.173029 24.652335 25.029102 22.346984 22.208596 23.954276 22.715499 21.970202 20.284709 22.874598 21.855521 23.369440 22.880369 21.428573 21.848933 22.806718 21.251017 21.927665 24.880833 21.953987 24.007823 23.523673 128.478458 25.015640 23.128134 24.590703 22.630087 22.459795
28.173321 28.500006 26.540849 24.966917 28.627943 25.800948 25.743546 28.408762 28.597288 26.664331 30.712555 28.118748 25.636341 24.460571 27.613825 26.342646 25.119723 27.226637 28.156515 24.821116 26.692029 26.533777 27.076967 27.002999 26.948800 22.726532 27.213738 27.484813 27.493632 27.012120 26.166733 24.214792 29.430327 25.284052 22.255350 24.629724 26.666541 23.796331 24.935730 27.126288 25.097095 27.716727 24.502460 29.392499 24.387871 25.157287 28.105300 24.097549 24.674669 28.226462 25.039303 24.149318 25.784054 25.819547 25.674616 23.697621 25.808050 27.531845 25.988850 27.178179 25.534840 27.188932 27.052860 23.951046 28.057793 24.262260 22.811066 27.630606 26.065468 28.601744 26.238039 27.363732 24.821376 29.717849 28.665384 26.948467 25.448823 27.567346 26.881268 26.562494 24.521752 24.906819 25.601305 26.194759 26.596917 25.612356 26.704840 26.802212 26.315560 24.654045 30.292218 25.020024 27.280557 27.515451 25.015640 135.273542 28.403294 27.667946 26.003272 27.100765
26.702011 27.292889 24.555893 24.482051 27.918290 26.855674 24.711229 27.332755 27.339912 26.001072 29.740703 28.336478 26.340456 23.087535 27.224609 25.421247 22.835358 25.296041 26.887150 25.217296 25.408218 26.396062 28.694417 26.705869 25.208188 23.076474 27.884710 25.531044 26.012966 26.271665 24.526517 23.653046 28.184850 24.541897 23.720007 24.123061 25.595523 23.059756 23.694605 25.420766 24.018375 27.382301 23.023975 25.858339 23.319050 24.566493 25.291004 23.288255 23.391979 26.108229 25.489797 23.472711 25.039661 26.296378 26.308315 23.443089 28.203633 25.965595 23.827103 27.018002 23.649190 26.927947 25.786659 24.475661 27.722224 23.977035 23.894071 28.619981 25.399946 27.793521 24.991933 25.553120 22.749776 27.682807 27.990211 27.438717 25.435053 28.294075 25.658178 28.180828 23.255197 24.278219 25.077166 26.436702 26.854262 24.698230 26.677046 26.871583 26.025517 24.394679 28.482191 25.277990 28.239878 28.673525 23.128134 28.403294 134.887828 27.307396 25.248210 25.510742
29.742348 28.674608 26.483791 23.904827 29.244468 26.545646 25.670863 28.787113 28.874270 28.596915 30.367214 29.075239 26.252669 25.961301 29.012148 29.064066 24.305993 27.375245 28.548261 26.072151 27.560579 28.410976 27.183645 25.653886 28.053551 23.999643 27.302057 26.812908 28.274973 27.119001 26.992811 25.160958 29.040657 26.983170 23.342191 26.219137 27.504183 24.703617 24.906757 27.533204 24.490298 30.508636 26.480989 27.526940 24.378047 27.577250 27.644079 24.851436 26.205373 29.847743 25.445981 25.363139 26.568214 25.855249 27.485182 26.106979 27.250032 26.210953 23.771048 27.828711 26.620201 29.408474 28.098583 26.188841 27.911898 27.943143 24.936947 28.569293 26.569878 27.346921 26.585437 27.151490 25.403856 29.274795 29.978500 26.785264 26.935190 27.439304 27.379986 27.479079 26.225218 27.605481 25.501011 28.946559 27.520824 26.794594 29.466983 25.391329 27.013318 25.443324 28.891261 25.831885 27.075266 28.097444 24.590703 27.667946 27.307396 137.602402 27.018827 27.319489
25.311281 25.089734 25.416255 24.366138 27.375369 27.343087 25.668453 26.127609 27.181851 24.921123 28.977827 26.276925 22.546221 23.596650 27.829747 26.548112 23.386226 26.295217 25.904351 24.432429 23.606179 25.681932 26.856495 27.238474 25.721097 24.126241 26.028683 24.734769 24.969940 25.452156 23.806938 21.599909 26.882731 25.404696 22.559196 23.238735 24.221611 23.039515 23.406941 25.545472 24.039298 28.784374 22.228365 26.579707 23.524840 24.783697 25.477425 24.618435 24.053266 26.673478 23.094468 23.806202 26.018023 22.770717 24.155147 22.429319 26.393756 24.405967 23.869148 25.619546 25.429928 26.091147 25.755942 24.075570 24.629468 25.247033 23.751336 27.159063 24.608183 24.257497 25.099427 24.452080 25.432490 27.866738 27.394750 26.806809 23.859652 28.434502 25.468713 27.201650 25.018388 27.234058 25.085630 27.148937 25.695854 23.624086 26.643289 26.674849 25.929039 24.651780 27.523127 24.669879 26.635174 25.920022 22.630087 26.003272 25.248210 27.018827 134.705163 25.770772
27.921670 27.274121 26.652483 23.790435 25.880256 25.377801 25.482836 26.656190 29.333144 26.195492 29.574955 26.734711 24.652327 23.812188 26.415152 27.774206 23.319751 26.995418 26.054634 24.632353 26.225223 25.830398 25.569466 25.332723 25.458146 24.255531 26.739430 25.423731 27.286259 24.789038 23.979884 23.827605 27.157246 25.056867 21.906561 23.056136 26.382588 22.871416 22.748638 25.303872 24.416091 28.687806 23.664184 25.974676 22.923496 26.017702 26.571107 21.990706 25.050397 27.127759 23.911856 24.325860 24.249860 23.403706 23.456357 23.657762 24.390940 24.238078 23.963731 27.716429 24.392128 26.573110 24.911161 23.827824 26.330401 24.892725 22.854045 26.311044 25.907841 27.192523 24.386887 24.563797 24.543059 27.626415 27.837799 24.637537 25.083512 28.493737 24.772014 26.530014 23.137362 24.685566 24.298977 26.445046 26.208317 24.114644 26.599287 27.547724 26.661177 23.876665 29.011491 26.525688 26.809188 27.529550 22.459795 27.100765 25.510742 27.319489 25.770772 134.983396
