135.57574045294137 26.454818655014531 26.630313526628974 25.622991753974766 25.883090817997974 24.741843365023318 25.281464073497126 24.011565201264794 26.685036827071237 25.30161659488742 26.725284427761885 24.641812895020522 27.129577753504549 26.765815943947295 27.564942247383936 26.199221104846675 24.544869593690549 22.495582770522901 29.834307198302685 23.989672814561811 24.736623328652385 25.964932354665564 23.982630392306181 25.308777527241876 28.201345864092001 27.208125845555735 27.40865712303496 26.251612292147186 26.147110072689973 26.091726363301458 25.763287187526572 25.606281450277876 25.884366348693955 24.80094916960249 27.126803926784234 27.425527765119501 23.75943747132613 24.005277938735695 27.62556985579106 25.747348828678923 30.134340662924462 27.48828649672026 28.224327296416973 25.789835020211701 28.004780439876729 23.117305268474482 24.897614521902263 27.03566362151064 26.893763893978612 30.898252004492988 24.288619514126506 24.986916015580832 25.881252521228848 23.66046548964475 23.502767281959127 24.216499617392842 27.616540636630138 27.247834402189543 24.239185585602524 24.686405928286355 23.541560172577171 25.364611232755326 27.713340731051726 24.757105749163955 27.442612660025251 22.415032679795146 27.408376954415566 26.02926138030907 23.520691983823564 28.638472067633717 26.587206870134718 27.84718541449632 22.472493981291834 26.454719694585194 26.400910354464429 27.79963265235375 26.468362270805983 27.802326172169543 25.474873426284372 25.694378313978479 25.905892210871215 26.623158973313689 26.595309828962403 25.079588367983298 23.471894134319825 24.651367807192834 23.773725487986365 27.736476246147976 29.017433493137823 25.849624233475517 24.678383570085916 26.70989731681712 27.394973922750488 25.980625013112103 24.513165179460611 25.08562096567093 26.40559693067414 28.613679313225902 25.576025330833911 24.837789627300506
26.454818655014531 134.86665707700928 26.06774080042954 24.958505979270416 26.079518448046819 23.185102249331653 24.945547012236293 25.126067935883722 27.520084417635289 27.225814577493448 26.353794766097721 27.19738307789828 29.323645461747784 26.971230096811542 27.527375540328624 25.759677319293225 24.308316992097669 26.051903752637362 28.663265130034528 24.978533004853873 24.600660795542982 25.654400449120828 24.205643882934961 26.223156955350255 29.745283641952327 26.669545692111225 26.479639339501954 26.210253651088607 25.701182756169096 24.228212087918926 24.926928970222669 26.09645172005283 25.322340848368562 21.600332383992587 26.790009341628263 26.999625619018211 21.944078139150673 22.547467894508259 27.498118620232304 24.970924868084115 25.864336913239612 26.97559996134067 27.723840199437337 24.287932220495776 28.398075023999702 23.729770703919588 25.670521295982368 25.203405076616534 26.542584163898606 31.393643050580135 26.591975989192314 24.83710119190437 25.560194603502445 25.628903254873375 24.264882524755244 25.214142099565297 27.938485816282114 26.657092302080386 22.694126510775131 26.533209745729771 25.832184936368552 26.562312840918914 25.027571232841893 24.104937527768563 27.772696368542 21.830189757926384 27.038756992945068 23.162532469374199 23.63975027582493 29.108817208907816 27.407587460324528 25.804076787746936 21.650413836750172 26.44776546222699 28.140967128383217 24.587864031979574 26.993452455732495 28.393431464293187 25.877889258350148 25.912409714601221 26.902847382516342 25.179090718854532 26.245508961581297 25.325715373662256 24.550075768660779 26.720502517289034 25.322959799174896 29.246826363706973 26.511942394883107 23.835285566653013 25.731248014549539 25.834016454625878 26.142786459671822 24.893198608241963 23.87349041138134 26.622232628236439 25.322925944137982 27.29807535610804 25.231871573281229 26.338450322334229
26.630313526628974 26.06774080042954 134.11585308278725 24.181229942213136 25.706341379318086 23.858632219099899 24.972692946231508 24.694914330531102 26.107437938122882 24.780675202368172 26.6784755230439 25.775563418549563 25.79143548921833 26.675625061156726 27.6374264579099 27.091789750049657 23.178079748819304 24.924265173044532 26.750968571500508 24.601048758136994 26.389530257329007 26.200187369681611 24.314560647038338 25.132373857031286 26.776867994608175 26.12430804987925 27.613774661464834 27.041522805616658 25.219814212509068 24.103580681398356 23.433603650096586 24.53837986833932 26.744718755523792 23.340530666395075 26.395310268612128 26.48121829026282 22.200824037051866 23.55287743125292 27.670645458358717 26.543150127929511 27.74581278144953 25.472409801933743 29.122454938280402 26.581612171937795 27.299539216846686 25.352698283125665 26.293207036825514 25.536322618741906 27.860499290251958 29.506681663585937 25.131091740499564 24.783520856233004 26.348685110842673 25.405231196547607 27.014663943030747 24.32076840202782 26.771287053113888 26.931389763664882 24.672906950415186 25.342180308618925 24.847333990614342 26.709959227020441 26.90891070252701 27.10289376951237 28.529853935975943 24.419141397949065 26.165004544401768 23.42560670494661 23.894544902552287 27.16619567476776 25.637806971549697 27.237627706140533 20.599939652454854 25.7434840382987 26.281597917084504 26.174528123513095 26.281363629385861 28.169412314968881 24.690937226109167 26.542849171761663 25.931038772846229 25.925713166981378 23.664812150000177 25.745949282478634 23.795090014050555 24.393862718617701 25.68598071012876 26.125667121544872 29.12026791014425 24.066990428904692 25.06085376762103 24.84886398364549 26.684080047112733 23.534462506913876 24.983375445678213 25.134277588345725 23.863116786008241 27.737339175425515 24.997473341710574 26.339829749687816
25.622991753974766 24.958505979270416 24.181229942213136 131.0053086957227 24.722490678194617 23.365855077970437 23.797753283101684 23.747168320044512 25.333045506082346 22.853921721032304 25.628533654856909 24.845395301353459 25.269123302219626 24.525300528814451 26.71572811372279 24.001381582580262 22.512894203366987 23.493516881397039 27.297622447279259 21.408789663925152 23.976261209370506 23.890246007290791 23.167975743449833 24.240629214481512 27.479255772604944 24.714294833604036 26.136469975381843 24.856931801409242 23.5921201447055 23.791460770861303 24.250464845163702 23.593184406757047 24.567285688804755 23.453156114532458 25.232825265859613 26.414486329709991 20.816781797614329 21.178860690684797 25.517251215729264 24.661930160582042 25.035124113015449 23.570245992411888 26.815879622204772 25.849338028319245 25.002533259780677 23.100557043614451 24.221231456489758 25.34421795098412 25.007707578747709 28.40903830834899 23.763708656636833 24.098645565892898 23.378109683327953 23.904865829839675 23.176095132027083 25.025224978990742 25.84760475985242 24.239245559915492 23.163805616369824 23.939849731393434 24.220398618909464 24.366531018155726 23.605309232940559 23.206722425792222 27.186859730459837 21.712581706305258 25.969065838250025 24.6495456231495 21.654880786508471 25.822819505331498 26.413832212773233 25.868873959179098 22.19397354635813 25.447395097643511 25.297710626505967 24.656899320049988 24.187000181965878 25.042896502310331 24.479831558626877 24.091654745831047 24.005190215056377 24.974206236748316 24.820350283822975 24.201664228986456 21.327750075844516 24.710043602659301 23.598226116086117 26.247078151641219 25.638622335675677 21.96677016656772 23.918526935270723 23.893279027074303 24.706594115377719 23.535508193744455 24.024513098628137 24.235394601875139 25.042626936883064 26.881757648756157 23.701991757608681 24.699645261333952
25.883090817997974 26.079518448046819 25.706341379318086 24.722490678194617 135.01912895879769 23.169829005229921 24.728150683734288 25.501277834830816 27.823673532170602 26.687933856193755 25.830082835502949 27.386065117404677 26.801587375376972 24.885147472810591 27.466836987118469 25.61135120012354 20.673513096128524 26.920309745322363 28.679697520408201 24.584940252913896 24.025164043751872 25.130690122086687 24.577302368670452 24.781994495179756 27.974189725236982 25.298429041448735 28.465677835891753 26.040685357364985 26.85727621809572 24.527759672408571 24.814798594318834 27.042666529895371 28.172697486849678 23.829300592393167 26.554970693971562 26.977260220147446 23.455434867149453 23.096089280725526 27.360134093698413 24.785918389333716 26.159058338444662 25.152155964317473 27.72954767536563 25.521889745497877 28.206490923779995 23.84236628079918 24.584202498979252 27.472595010709796 26.768483540555881 29.313563873884505 23.738052271756903 24.603819750675065 25.105007722228681 25.974651979769767 26.423814542567158 25.180204228791588 27.746386606337975 27.14354887215131 23.650847105648541 26.245303983939642 25.084040441529243 25.457984573387595 28.039401209789272 26.67823326645529 28.34664860577303 22.775429801606609 25.788747911686237 23.292587383602882 22.329329337083838 28.82000294416439 28.306915687693298 27.113727153423476 22.583991996572109 26.782025244464865 27.893734027783513 26.386349455068974 26.937859956348024 26.68528067573568 25.871229267930371 25.648426189682489 25.619659587492187 24.77246523138249 25.873268526244214 24.806440081431429 24.57885819932681 24.78070162260137 25.014383379694458 28.108768567444091 29.648297796722709 26.034272136361732 25.516638087599148 24.748035328876586 27.400333740185236 23.68292351962835 24.94763517547468 24.320267086591617 25.161567248158764 29.526469414911166 26.145484984553221 26.211427962969168
24.741843365023318 23.185102249331653 23.858632219099899 23.365855077970437 23.169829005229921 130.13434280912659 21.239280995644595 23.394020242859074 22.799691499296724 22.667082562960971 24.026622756321252 22.904737794772632 24.445761422678366 23.395251992795796 24.478928476795137 23.906032519618321 21.742056988407292 22.021786968693039 26.083492301933234 21.369714522033817 22.420802332621154 22.8802825727028 23.816954010974239 22.726937931552765 25.445277402001317 23.852401687884761 25.009328927321516 25.942861260698162 22.293947876180336 21.918670819998852 20.674192359910176 21.838873474056648 23.968947979259646 22.583404852830739 23.709902262724807 24.766412889570447 19.434524585337773 20.73224281320881 25.058368947970717 22.962572289431403 24.803054842794818 24.704553315964809 25.63441035190014 24.805182834212644 24.336991687610698 22.08989059302689 24.2565893852389 23.316230487104214 24.40786218253108 25.952000072619775 22.404274617151387 23.835881442613776 22.218820882186666 23.260923718793968 22.672169909096379 21.018471081251558 24.681525114548652 25.243148740855215 21.348251851929149 23.873941337740167 23.27277007130019 23.781180151551389 23.241283963840701 23.584307545629123 27.027663102640318 21.146944692300746 24.96274387013753 22.443398860646777 19.863207025364908 25.624507720861882 24.98721461010545 25.119902069929182 20.182314224066239 22.627325606177656 25.779657836357963 24.264762003422305 23.894367766297233 24.582439651098507 22.572692868321386 23.760499017551286 22.574146505504515 23.90880503053479 21.846259867140965 22.455484563255329 21.419142371529443 22.955753959776267 22.243342759405198 24.901854409431888 25.425681643744475 22.280328759243847 23.098832893799425 22.326275525071431 24.272755030000244 22.642339807543436 20.416085798026437 22.513614592427825 23.098647619410638 25.336491905875683 23.153575008592767 24.295457220681893
25.281464073497126 24.945547012236293 24.972692946231508 23.797753283101684 24.728150683734288 21.239280995644595 131.41813842717022 23.134513087867273 23.835559132585601 24.420070570287056 24.495807166960354 23.475033191126176 25.907641169637092 24.283649547630503 25.036613525344009 25.535050040309446 21.774447933370944 22.659920711059762 23.815525115957847 22.413489938911418 22.013397074950564 25.981551123897138 22.75510519321508 23.65250522975807 26.831883654214167 25.452668588155507 25.674841972707743 24.394196144449992 24.738446510932434 23.243039447082548 21.683109312988606 24.944661641909757 24.244153369504179 21.830583129583896 24.684272401709283 24.662600577227078 22.158368164098714 21.375072532364889 25.035987675535608 22.654601791656855 24.042016474730268 23.763454041847886 24.040165005764706 24.214939956690053 24.995412248130187 23.377852521732137 22.140784499624488 24.039891484337485 24.132362110372224 27.733782823265727 22.377622896863056 24.691631935752209 23.503388161726363 23.482693888917918 23.580246234857061 22.230807592544288 25.604176078128891 24.613950987685044 22.386158613640237 23.676911090641386 23.617241178351019 24.067892366994247 24.495638712501204 22.957389968082005 24.764695187425172 21.938990382944095 24.647268334447276 21.623629685041298 21.767473133335695 25.833754241851167 26.287294630989336 24.971084472330745 19.229400544172144 22.863764678537109 24.547237303279896 24.352100259654968 25.616160423691515 24.880051700557789 23.458254288135908 23.199611589412019 25.11708260007736 23.096688879608834 24.622568065124742 24.263213184410859 22.070908070648038 23.869827782731196 22.463859558484831 24.73297077225849 24.769615744198607 23.537362325787381 23.262934059032201 21.835048629451858 25.00802795107295 22.654274926766497 23.538851671255504 23.818685150383896 24.701208616262193 26.090815135480952 24.739320375787276 24.311824599751365
24.011565201264794 25.126067935883722 24.694914330531102 23.747168320044512 25.501277834830816 23.394020242859074 23.134513087867273 133.87888386081596 26.616592987920857 25.335582070448442 25.547153371468276 26.110552019346407 26.108333139725342 25.837993260196441 26.328118054332318 27.529473824695479 21.938823758129274 25.100037755578981 27.165011182124843 25.250212311510335 24.165465799448381 23.814685400091914 24.214997984861583 24.597274801003945 28.813857950819802 26.455572223568279 26.715319915358496 25.881910959514997 25.597318250552387 23.81213041474334 25.058426557458422 25.340489608092856 26.991370918019062 23.726283584937409 23.88564987066048 25.481798068215713 22.168554467038753 23.038342013241742 26.007541913777157 25.460258147535416 25.618192218692439 26.029147947520602 29.019120838569933 25.45051272466787 26.42523935469633 23.221828119610802 24.538339400494451 25.484603302337899 26.947476564248699 29.236489337028491 24.974144553681608 26.461937345214256 25.870728388168644 25.923957912084521 25.667376250500222 22.182615101772338 26.90021676522446 25.721537899302284 23.333535865973118 24.834581961798673 26.549833838299513 26.650966893953491 24.91324452996998 24.42602081196226 26.462265771131491 23.004406753907066 26.927037055786759 23.086290216570919 21.873473461715452 28.292548149387631 26.114382191210204 26.529452250126855 22.450123894352725 24.765400414520645 24.919515922988648 26.296505067360368 25.987690672292288 27.890429522886578 25.723773316969321 25.018619106023959 25.005639022316139 24.851940472946886 25.998138417106656 24.377832637077542 22.791950566582301 24.721336388790004 22.021843970646966 28.643217409589035 27.347776579956449 25.141292030885275 23.74240394574996 25.136470952091035 24.890251626421538 23.456206803529877 23.963312270763918 23.061594655282924 22.393291680339331 28.283202785806679 25.33241756523908 25.577810913449699
26.685036827071237 27.520084417635289 26.107437938122882 25.333045506082346 27.823673532170602 22.799691499296724 23.835559132585601 26.616592987920857 135.15626572409462 25.268213331437781 24.94043598955011 26.759447575938644 28.688933099297078 24.890399428109323 25.784186997405424 25.634067376069865 23.121315114807647 24.696491403830592 29.034555836017176 24.268831477570668 24.524378206032139 25.369451648630466 24.154042504156493 26.219162610128549 27.450521219568241 27.427068028509986 27.103774263855016 26.283283968877779 25.880162566491155 24.841526589700297 26.44954420106772 26.886605099439596 27.06775500070173 23.490729722755308 26.152372248191728 27.30994822590004 23.139348508908974 23.401886000551769 27.385123100424483 26.108929542740626 25.328015669555711 25.566435645386811 28.7024452504868 25.272086309583067 28.480682402991214 23.164964466548241 23.497662050235416 24.984149612339458 26.565758259335574 30.847787968673558 26.644222820425366 23.743162549182749 25.917923564608543 25.098022536070641 25.30869412741319 25.525052471720429 26.648100897133961 25.190953746473387 24.131632710855289 25.59633709259035 25.092556643327754 27.073449544178072 24.920196896779146 25.615388920595421 26.686423431906935 22.971247543330879 27.49591313160213 23.875255726919459 24.128758323823643 28.559515424221459 27.340622759175474 26.570901481793399 20.905649876699783 25.618960322460964 25.475475000624602 24.293112700331836 27.904362992158024 26.200097453504487 26.432260360272636 24.724419075706969 24.679013390270214 25.600592081636876 25.834562708449699 26.712536870938973 23.340309237527574 25.520592995863009 23.261713596886352 26.586583642872927 28.25565448823119 24.93688145289558 25.324324449448259 25.11356599579246 24.595226848543525 23.420306300281521 25.090492293332385 24.610786115989892 25.500332816066258 28.421941266008449 24.203217405357332 25.688996287965924
25.30161659488742 27.225814577493448 24.780675202368172 22.853921721032304 26.687933856193755 22.667082562960971 24.420070570287056 25.335582070448442 25.268213331437781 133.65995895721034 27.244276459552889 25.524995229907464 26.775091984288121 25.677604321898553 25.501594204223885 25.533955748394607 22.383275527511564 25.463205891430452 25.947790974052133 23.183124720730156 23.095105675735745 27.142151388824818 23.752650061492705 24.020766471806905 29.473217718241415 24.587637004495068 26.127614210297249 25.044835170796254 25.381913221038019 24.365696129214502 22.778600141456298 25.495024693588167 26.091871107426208 23.556881999988221 24.76512598834854 24.870149356889495 22.240862376107316 22.206069573949073 27.054181640929396 25.059986210559476 25.476945419603773 24.46641018494838 28.020137260212515 24.416966039866804 26.989610411007096 24.303018928341203 23.386086809415094 25.825404791319365 25.320643111761548 28.571467575819817 24.954594953427673 24.563808104644504 24.905853704312381 25.701117815240206 24.197139161891503 23.496314284010879 27.575786595761539 27.032015130706725 24.629048313734504 25.833304171316314 25.555264731339559 25.410847313320854 24.968109006882067 25.493458809403617 26.586934061859012 21.692069094815249 26.128763376179794 22.889009611829039 23.725982432265052 28.966062913191326 25.695751449197918 25.452579774186926 19.853285050187008 25.410803094807562 25.905544674616927 25.053081587615569 24.990056009513957 27.861364110520846 24.691624245010281 24.31674364581362 25.529086667794488 25.618754027152665 24.478037023173385 23.249462522766397 24.897878876922576 24.792131446977603 23.315575348489844 26.35291756685956 28.423263511356929 24.724754560772155 25.540050948024451 24.664473438993461 25.492028340373196 24.321226001844742 25.045479441306973 24.49395581153323 23.195488845296623 27.302644692719596 27.342823417668829 24.190334123851077
26.725284427761885 26.353794766097721 26.6784755230439 25.628533654856909 25.830082835502949 24.026622756321252 24.495807166960354 25.547153371468276 24.94043598955011 27.244276459552889 135.96348331906373 26.337665587647511 27.020108443836509 25.517819726084891 26.86595818488988 26.629430608159861 23.829816863942554 24.74831076688217 29.09750531872869 24.094076033048768 23.035267154166124 26.410574011356712 24.551378034683701 26.471349136505541 28.826518344454513 26.945866466033046 26.757091390468648 26.81825517532511 26.179133269136909 25.961512047618381 23.791870896630929 24.815452224422845 26.953318304613482 25.636135727034105 25.898306079889444 26.294697591945717 23.125647632229207 22.941260646442554 26.563373615364636 25.663032243119979 26.586759508784972 25.598102444640684 29.267583884335245 26.318755195162545 27.475563687851515 24.994051512733151 24.888899484119282 26.452795632099185 27.253012327290254 29.455666388997749 24.945946375344946 27.203700898803582 26.76660350421518 25.609795467891175 26.412326915358687 25.03087600162063 29.489438203339006 27.475274197588671 25.450337955733747 26.227400244810326 26.416544367839119 26.083870188658111 25.970834295542467 25.937220052257675 26.11756823477814 23.337844172967518 25.799134771742082 23.942385796141814 24.293758686224844 28.197234868319693 26.930764937031594 25.622790236337007 22.208178553736239 25.545283753654534 25.083458357848865 25.026072507609758 27.007711427482647 26.523720803105363 24.584582213197617 25.551864580910721 24.533187900521174 26.830788318316479 26.289245990948416 23.581836679945507 24.339947848684591 24.582945966161581 25.289703781753534 27.956459756857463 27.685026281955928 24.477670458591572 24.241535343448692 25.6364132932076 28.052682794388584 25.084228870252307 25.358574110980491 26.200242725867955 25.395336145842574 27.752441634119311 25.298054657592957 25.905745816580446
24.641812895020522 27.19738307789828 25.775563418549563 24.845395301353459 27.386065117404677 22.904737794772632 23.475033191126176 26.110552019346407 26.759447575938644 25.524995229907464 26.337665587647511 136.04776221816533 29.473999462301013 26.039964745607239 26.895594949935948 25.34563967101062 20.691208137846981 27.601886239265259 29.804813088970452 23.847320751556296 24.103325803468195 25.126569017537122 24.281834799429689 26.342761897305461 29.86029102002556 28.11235693652452 27.718679956331176 27.563211301964873 26.73988440692009 25.268756489176496 24.278303584285069 27.820009109195027 27.006334467592058 24.349083846310421 28.466753696319213 26.929280159981996 20.359526156473347 22.72256380397765 27.925285998232056 25.296583935075937 25.699279839408572 25.114177664473868 27.078850143619771 25.072562301745872 27.592656547977562 24.465625379605342 26.037933413872867 26.928989760329529 28.396603276300819 29.011223346488578 26.422528118547941 25.732404027198509 27.420195215175877 26.638909886590064 25.527995185176891 23.63134768059497 27.808175661755168 26.097846451010493 24.475759875356175 26.663987964258457 27.231867978474583 26.693231311420739 26.727565604497631 26.705825878351376 28.092447841304548 23.112535956863585 26.282210812906534 22.717906361614968 23.034446653001869 26.44856741796827 24.831195011695165 25.22730239055424 20.676937825834479 25.359109577807477 28.129628777127159 24.605342923016234 28.466216198287793 26.411076386849135 25.428996807277922 25.947662361673611 25.805117940977791 25.835736614809381 26.379218691597238 26.083153562521517 25.434713454287348 26.209988011707129 23.805465749288409 26.397286006823382 27.279666538923198 26.090594018291341 25.762115075984376 25.674171035462845 25.992688921867188 24.373385354227484 23.524504313762325 24.599480113936625 24.902079139740465 27.217071497800628 24.589494611898857 27.239387042879851
27.129577753504549 29.323645461747784 25.79143548921833 25.269123302219626 26.801587375376972 24.445761422678366 25.907641169637092 26.108333139725342 28.688933099297078 26.775091984288121 27.020108443836509 29.473999462301013 136.52068515038286 28.31127649706136 29.060979141547449 28.361978500002945 25.212543498355622 26.676438824682851 29.738217289434367 23.816864935831912 24.415355280129006 26.791637360760099 24.318133070944114 25.774857310415825 30.081495074883254 28.207030128710866 29.934564414459388 28.305848674327951 27.222906513670011 23.861190374349832 26.881233733609143 27.105673682721616 27.471462834219118 25.067473807583461 28.948848960582211 27.697507655820441 21.559295203395603 23.985612789558267 29.193271662932723 26.629694820527476 27.260263240136652 26.973601964864379 27.487436761766119 26.471324598465763 28.250608773069231 25.771362098779832 24.405647708597368 25.557869038088874 28.127858214500041 32.326445941412643 26.852311655354885 26.844541206880468 27.166629602701128 28.215642118905407 26.643054510500345 24.969141745944011 29.057146992293916 25.221866860393732 23.663695551149676 26.303271889377111 28.016322649075146 28.074885897196083 26.271646408021663 26.688766680839787 28.033110734063779 23.34343385137743 28.081275536186514 23.537685177966512 25.864075447042271 28.055313944473781 27.222539467608083 26.340744159404927 22.978839912026476 26.041745080491264 28.641032817301546 24.94206043535425 27.256696650138331 27.77907499470189 26.054474001430666 25.971187579345063 26.530893238032039 28.769219672528457 27.930543990152419 28.072449617975789 24.739294013418782 27.835187368649741 26.136581250634993 27.905769114981542 28.725224920066566 25.420084619459224 26.129325017734111 26.515135354661524 26.59952198336412 25.749513391106529 25.582321294997175 26.786866266747822 28.557144563503435 29.710750558492133 25.647316864133415 27.388446742179802
26.765815943947295 26.971230096811542 26.675625061156726 24.525300528814451 24.885147472810591 23.395251992795796 24.283649547630503 25.837993260196441 24.890399428109323 25.677604321898553 25.517819726084891 26.039964745607239 28.31127649706136 137.25941137830651 26.965032262542216 29.42386378854448 22.314552969004303 25.920223693233062 28.036853173525031 25.26522043578537 23.595954743363045 26.443677679148735 26.20790803154361 24.326450354077704 27.384343812987886 26.552316451443069 28.546807168173743 24.360431447408899 26.489876623064358 24.103556602757969 25.087838838803538 25.581613901977754 24.897597832943433 23.97979887547876 28.095996328936334 26.445878272836502 21.638344848138573 23.270784352479023 28.768880787614684 24.81081807579044 29.880110552827098 25.643831282728865 27.389395979680661 26.299752212268071 26.092363052737227 25.55250016043604 25.540734117208242 26.948157139673057 27.816286157867058 28.415684297877046 26.094523518363648 24.846739290189962 27.060237141329498 25.52588800983764 26.49844873813937 23.969513815206728 27.613337695296948 27.52800918528872 23.851271021217279 25.845266393736114 25.419449125636998 27.85128119382718 26.670116240843431 24.189946309364242 28.774344893765619 24.229120908376526 28.456429931428755 24.134119840427399 23.134546587184484 27.317607833078497 28.392926036471483 24.293028118430112 22.631372150154156 25.674876186474478 29.027647866696913 24.92423585505864 27.581615468090156 29.396007225305432 24.803931398610811 25.673434462914589 26.613085644108857 26.714628317726817 25.733519159858066 27.12835482357244 25.47318243787489 26.359203025652075 24.512945976565106 27.596194717628183 29.070846233639834 25.623985859599639 26.37909221714089 25.093122174561955 26.297684682216953 25.210500430377174 25.849613025571806 24.914165002193382 24.942095315073963 27.112900753066572 26.284348958219844 28.194960860714598
27.564942247383936 27.527375540328624 27.6374264579099 26.71572811372279 27.466836987118469 24.478928476795137 25.036613525344009 26.328118054332318 25.784186997405424 25.501594204223885 26.86595818488988 26.895594949935948 29.060979141547449 26.965032262542216 135.65828023363858 27.47167800128156 24.033300803098403 24.518670150285931 29.497293653208697 24.09394824882634 26.119341791409479 26.369090038875392 24.31668475989585 25.895618540333988 28.510697309518925 27.289966304913559 28.983219730535659 27.827474857822899 26.224498856091408 24.515121530406631 26.482329249374704 25.733709666615351 27.41004394421255 24.727770711006993 27.142342867858492 28.003702990427314 21.765721916338745 23.693425954688024 28.727196274742131 25.647936145562532 26.809804543079444 25.635313038480511 28.849745881828703 27.969669810616207 27.373198391957811 25.995002343223817 26.461719396418726 26.35838467139066 28.72503193130111 31.434776272233755 23.335211813966072 27.247321335711987 27.361446259851498 26.307973379791139 25.921699277623208 25.071106952196775 29.006258767355476 26.354954853514574 25.36179284219811 26.165058549344945 26.733645759291512 27.549855809237521 27.970535058272105 27.211911789902747 28.548781597395148 24.116284567403877 27.20728982304114 25.037665767583832 24.35447118970486 28.284675372645403 28.901613313292838 25.451686090823618 23.646788355053733 27.188436903896541 27.109114295127149 27.07124796414703 25.971579461641305 28.7745921051377 25.742893386835235 25.616066975741379 26.855241187959034 25.58957009892513 26.154316317640518 25.954587359700369 23.607301986304247 26.058316358526771 25.962913999389141 28.640712948423534 28.669383731240014 26.113906668799761 25.273853496156811 24.970543936270559 27.448403842035937 25.108093467867956 24.88090520608214 25.335619798182101 26.267134003310407 29.989277013134856 24.532979195853034 27.148720968231171
26.199221104846675 25.759677319293225 27.091789750049657 24.001381582580262 25.61135120012354 23.906032519618321 25.535050040309446 27.529473824695479 25.634067376069865 25.533955748394607 26.629430608159861 25.34563967101062 28.361978500002945 29.42386378854448 27.47167800128156 134.42794180214827 23.40422107044801 25.802874366569711 26.910280077338879 23.95793075120692 25.018196697207493 26.1023531314457 25.207946748759959 24.539207941607295 27.913825115462739 26.703626488023797 29.551381875725539 27.077432827309181 27.266004089243907 24.140532121765123 25.445919197411566 27.327848258869196 26.665760881339203 25.349404462435551 26.045887366676833 25.908730948864857 22.271590630655538 24.172792694175012 27.973767048722841 26.713087420642061 27.364609727228093 24.577688617280678 28.17438124715644 25.079215029123144 27.798982815501596 25.917610774911132 25.862015503950627 25.72897490520516 28.948063908933754 29.927456705547826 24.95539320163471 26.3443650111337 26.848925574228666 26.045163354026769 27.261364063970724 24.274656402198925 27.506371997671664 27.486138614356012 25.532227939947735 26.29644519317894 26.64778323972525 28.049412751778142 27.414149515170369 25.752829006389319 28.811478015427795 24.333457500570475 27.661724354230337 24.185478829200605 22.172071121197124 29.107345486260925 28.829201692662789 25.751208678944771 21.677644217399383 24.74629695064484 27.383254882982641 26.590701881070196 27.307024093645204 28.565670290163343 24.404095716991364 26.455292437661452 26.18180962107969 25.930411654607955 26.213635102044634 24.599965027899401 24.166129571296988 26.064834780527679 24.440267854240606 27.110363502800414 28.525051152009482 26.177589311564258 25.176929954743226 26.254063283590614 27.491779269909067 24.530653556732954 25.124221087446525 25.573769114055054 26.182557710056734 29.392079341425664 26.147111960962192 26.371229462537833
24.544869593690549 24.308316992097669 23.178079748819304 22.512894203366987 20.673513096128524 21.742056988407292 21.774447933370944 21.938823758129274 23.121315114807647 22.383275527511564 23.829816863942554 20.691208137846981 25.212543498355622 22.314552969004303 24.033300803098403 23.40422107044801 127.73519674585572 21.101357825443788 24.42870117436026 19.584890450053912 21.975398754862731 22.367082741395908 21.486836701250304 21.728796758264334 24.911793490180603 22.468654773107787 25.303718634207002 24.148993086587783 22.262489243538706 20.026659112833975 23.100142490461664 21.579452059784277 21.529097543120052 20.793921507385761 22.842174062021272 22.905173702510634 19.395347273544775 19.307654170616683 23.62724805783899 21.238296350318155 23.283611925982214 24.448183111128856 24.186385080705854 24.090548119948735 23.335466007076512 21.331810853143612 21.140030989218179 22.147954828028833 22.735775650072064 25.555535798087735 21.936851174251853 23.328271493138605 21.559656864949158 21.523865203479527 21.617246682943378 21.127622835030621 25.483804437632017 21.654572537016339 20.290042467397658 21.784298865000309 21.340016677988178 24.095907758749522 20.454523696297056 20.560804948659989 23.909709978722226 19.995423181754532 23.509135277978974 21.535345503055609 21.518145523214272 24.094920626358402 23.37216153282035 22.878263046902415 19.968816181597884 21.008477075767988 22.289711476189119 22.604562929602515 21.177089186153367 23.158455953773334 21.561958315092188 22.013764151723343 22.097867560682317 22.906843857787191 21.336115777800426 23.39641595299036 19.117636787403278 22.498140644878301 21.452051830726798 23.430093918974126 24.919722830378809 21.900231712313104 22.251117418153054 22.592740155175132 22.679666264219307 22.729760489851348 20.001874079277407 22.382619107013912 21.860811529231345 24.887129842920626 21.490202844092558 21.865991687810617
22.495582770522901 26.051903752637362 24.924265173044532 23.493516881397039 26.920309745322363 22.021786968693039 22.659920711059762 25.100037755578981 24.696491403830592 25.463205891430452 24.74831076688217 27.601886239265259 26.676438824682851 25.920223693233062 24.518670150285931 25.802874366569711 21.101357825443788 133.92311294619662 27.425930537895361 21.597191384431262 23.674887486775898 25.711471173383426 23.251461096787658 24.565783537573552 28.475652323749049 25.302355682684023 26.62363521222203 25.47035777616016 26.246888287686655 23.816658482122666 23.390389886440463 26.577033167707469 27.737252007711014 23.562945045036809 26.416037309500982 26.00086757099433 21.198623200117797 20.942257890453067 27.955134736469734 26.387317532308767 25.21486623390539 25.153686436831034 25.648708919367689 24.29016778549919 26.964104559261827 25.127007413684833 24.014137032547524 24.370935099497927 27.053456009006961 27.732140599388153 25.062366652224433 23.014202362012259 25.778003297503336 27.270611379498035 27.617150317068578 23.085094378667655 26.461235225246583 25.562154752280755 23.014301280294397 25.988282644139396 25.375097371653425 25.269461205426733 25.882173002858419 26.094079795009453 27.998713603903624 21.789297219723888 26.462467724734299 21.133216606477848 22.917454644263252 27.303331236145358 25.772376883087698 24.428676219463021 20.507063735770842 24.758134999413073 27.116086156713042 24.62624910679984 24.805995447886126 25.911557283103331 23.524907204083078 24.311438856604877 24.020839262667462 23.606473151142364 24.887674350987446 24.679675373696732 24.070673300914333 25.063118167232012 22.756231303496524 27.635818768826372 27.157734345462138 24.608150722964854 24.790702907772765 25.765506066714458 24.837834445477096 24.617085412200311 23.546623084408616 23.066994776177086 21.957206929205089 27.169987234036054 25.400604921852285 25.792722954624903
29.834307198302685 28.663265130034528 26.750968571500508 27.297622447279259 28.679697520408201 26.083492301933234 23.815525115957847 27.165011182124843 29.034555836017176 25.947790974052133 29.09750531872869 29.804813088970452 29.738217289434367 28.036853173525031 29.497293653208697 26.910280077338879 24.42870117436026 27.425930537895361 137.88023525336448 26.542203254058137 25.339552143374483 25.723705183586599 25.854434415112969 26.887123260756063 29.691142202872999 29.416703209987098 30.518077353545845 27.343348613114262 28.290674204432005 27.614074515840549 28.63010655136722 29.455397135532746 30.12144887827181 27.425733157922004 29.968439457502384 29.688787181041992 23.922219855599494 23.987290972722022 30.768720081630192 27.87462688024112 29.115094910598565 27.917532741139617 29.654088396064072 27.423260365159244 30.160766867266695 26.393011428738369 26.946685591764805 29.041304300059689 29.785910294210851 33.35919580323332 27.10973230740051 27.385477573634162 28.485316074651053 27.206731638331586 26.661518250724193 26.918318944670599 29.874615144659856 27.156498537734873 25.872243390695861 28.120722293897295 25.837485626603229 28.667450609235267 29.185092607111031 27.768202669113911 30.450279355220971 23.604118666479568 29.593486455749051 26.278955114779095 24.778797498855202 28.606390956836464 29.985479485657731 27.545560568641378 24.266712060867587 28.113888581171743 28.803986311418825 27.100975836247699 29.341931862326614 29.434730611976409 26.480084568044788 26.326677663769644 26.872230585005479 27.691216977952781 26.512511735695664 27.081533525829521 25.752053539282059 27.673255762924427 25.507152638796811 30.048080606804568 29.767768097195653 26.400922068123844 27.628720125181971 28.122855125046748 27.964334554455473 26.736926299508614 25.155239616603108 25.530047165712507 26.840561707066737 28.935992265323861 26.96202746353805 28.716075043884604
23.989672814561811 24.978533004853873 24.601048758136994 21.408789663925152 24.584940252913896 21.369714522033817 22.413489938911418 25.250212311510335 24.268831477570668 23.183124720730156 24.094076033048768 23.847320751556296 23.816864935831912 25.26522043578537 24.09394824882634 23.95793075120692 19.584890450053912 21.597191384431262 26.542203254058137 129.86120253189836 22.907443431861406 23.041588923639267 23.313656366594664 23.004041503135891 25.749115357873873 24.237049247388764 23.95284199140433 22.637026304201811 23.466872470018281 23.690031039251675 22.67017583324655 24.924601106232846 25.201835125019436 21.474940749424611 24.77718543585798 22.947611689159256 20.652300155487804 20.680558028491948 24.337665026277165 22.477508475948845 24.846731440544378 22.985849043785972 26.302885505856803 23.321042087709859 24.1277188564335 20.912355661188624 21.981192424219579 24.321732962975599 25.294524859225984 27.088160430692501 23.353840011012487 23.919972894440104 23.988342922041216 23.38275473962608 23.047360506005422 22.484618176155685 25.168713877296749 24.531099860702991 20.912823054248776 23.230023913143807 23.738574327678993 24.49468576988447 24.574768191656172 23.303156985462607 24.929635451222399 19.842919027286921 24.467409489454631 20.301941995139543 21.353461010863693 26.697645223961331 26.338007858213807 24.259242721770814 19.74753806851837 22.953362276375842 22.964055036679426 23.908921893724379 25.090710309257254 25.997884307945981 22.93651858656634 23.707509664712767 23.356100584800476 22.876755685798013 23.676196096392111 22.861743587789153 22.852952145358895 22.4041358247059 22.435708802381662 25.145155525968114 25.575170718254387 23.826681961850387 23.123762955685255 23.255467627139684 23.989950903107694 21.540540682718866 22.153126286983522 22.534633551780324 21.49237441351212 24.345252824528263 23.714040900737878 24.292359210764289
24.736623328652385 24.600660795542982 26.389530257329007 23.976261209370506 24.025164043751872 22.420802332621154 22.013397074950564 24.165465799448381 24.524378206032139 23.095105675735745 23.035267154166124 24.103325803468195 24.415355280129006 23.595954743363045 26.119341791409479 25.018196697207493 21.975398754862731 23.674887486775898 25.339552143374483 22.907443431861406 132.64555918567879 23.42955026677387 23.141920499459133 22.542074788792217 27.096535331016458 24.714352519150122 27.267050124911925 24.817504490742891 24.696027324881324 21.242684443590999 22.806509213002148 24.133667607948098 26.857350891517086 22.889212910859747 24.68116620264605 24.206509063970977 21.100854511731519 22.463020866869044 26.108370250686015 24.552874407117024 24.527197328675523 25.009751962120532 26.956971761691371 25.683167560256255 26.005022324131485 23.202503981703483 24.065238093639664 24.364511108506449 25.224254343946075 28.217960263165164 23.643615658971829 24.025995840920412 23.277698642889689 25.586790101689342 23.114190945261786 22.418196622186805 24.350927689971744 25.664733910062186 22.403987308817889 22.501960955457594 24.887515249674642 24.207813917520863 25.863209318472983 24.30926150334577 27.651943313780006 21.981786847180398 25.079449866213345 21.997467623049079 21.101591727830346 25.738500588598349 25.871757463877067 26.252187284347045 19.975792485488306 24.165991122185368 24.206118669502239 26.53406122675268 24.240669274344125 24.754086223925917 24.526341970268714 25.490839308239185 24.585033275985371 22.483179221185686 24.093638941265798 24.374232649987757 20.549060611135218 23.963338735524371 25.258359513719864 25.665230260305446 24.954096446167622 23.746374289484759 24.903503298292321 23.985616284941251 24.286083346261755 24.05284570563893 22.844985382310625 23.485097267089781 23.373904636055251 25.9267808132231 24.400383246925863 25.237759126176147
25.964932354665564 25.654400449120828 26.200187369681611 23.890246007290791 25.130690122086687 22.8802825727028 25.981551123897138 23.814685400091914 25.369451648630466 27.142151388824818 26.410574011356712 25.126569017537122 26.791637360760099 26.443677679148735 26.369090038875392 26.1023531314457 22.367082741395908 25.711471173383426 25.723705183586599 23.041588923639267 23.42955026677387 132.54233467070978 25.17847071608859 25.037674329877238 27.802613954696163 26.157221136905878 26.961352039449039 27.254890092175252 25.051064119120689 24.886883627034315 23.12224837575144 26.191487185033306 25.876219287280048 23.458525793393289 25.176823495502877 25.546443237665386 20.535289364898667 22.210252325977766 28.005877626929227 24.730388812369441 25.96461226465102 24.885366589458531 27.07777610321925 25.875643561820105 27.207688941172957 23.129809089191799 24.658741434326167 25.335145689188803 25.780779369416923 29.363974730361825 24.404239778668323 24.647637397281532 25.369543779389382 25.14087703132585 24.946338220554026 25.622609693378678 27.240828967371922 25.633349502182742 23.742449454479136 24.661141037680871 26.088847910000212 27.109733253817634 26.664551091796444 24.685822425817484 27.223081231790616 21.925340472878098 26.41058321867747 24.038122044856419 23.581126964120898 28.357944256612949 28.3500402602638 26.281797406003523 20.381497247750865 23.598929094611634 26.162331353199225 25.776576099329493 25.643374518540273 27.533916827579112 24.405112227642242 23.536491943143439 25.632263784475004 25.768950762077772 25.177503301263016 24.203890095462707 23.403501398541728 25.777327169143717 24.314336087361099 27.048795297104572 28.429770432349574 23.859115468647961 24.657428997508504 24.737849965429309 26.077455124464198 24.632144708991895 24.6452164609282 25.043419519689621 25.043450947115613 27.529332765981778 25.558081209048606 25.259521901750816
23.982630392306181 24.205643882934961 24.314560647038338 23.167975743449833 24.577302368670452 23.816954010974239 22.75510519321508 24.214997984861583 24.154042504156493 23.752650061492705 24.551378034683701 24.281834799429689 24.318133070944114 26.20790803154361 24.31668475989585 25.207946748759959 21.486836701250304 23.251461096787658 25.854434415112969 23.313656366594664 23.141920499459133 25.17847071608859 130.47827129736345 24.307696285223173 26.306117724542379 24.491584663657644 25.982687614335489 25.986595981961052 24.90205333132258 24.853108603693691 22.203945392756651 23.792466441367047 25.17280247489445 23.130826432224339 25.136345439036845 24.948093999349414 20.780469268494425 22.969644020126889 26.012596884686282 23.580408745983796 25.71818010150437 24.477405463181825 25.767287637429281 25.056647523111348 25.356591601824928 24.102658195690115 22.770083266028159 24.361173110107824 25.522341051806361 26.937079934939614 23.334134562514922 23.959474614279117 24.452659437704796 24.52897833390325 23.074255679220958 24.109345170629517 25.736547020920334 25.732346999524584 23.446674219322748 24.534763091012309 23.494432690341682 25.574720810307586 23.280320056247906 23.724910376746056 27.288528490764918 22.305392477250667 26.421089421601774 22.740868745600615 21.753894961191879 26.216639140480638 26.67442953240948 24.056013986424617 21.558558333745992 23.403304395531741 24.845168611983841 25.037999037765484 25.637217278385794 25.08966769826343 22.221312793689194 23.524526369581686 24.683913475200569 24.221048840031294 23.346927078803748 23.859087856755067 22.610776725233585 25.237875748791577 22.671999510999783 25.148263332145159 27.346267435554921 24.319895346475302 24.614985090336511 23.204288782272709 24.787011532511613 23.264607594809945 23.652219727404564 23.063352991091623 24.229857299589568 25.618802184075374 25.307430583844837 25.009091723667868
25.308777527241876 26.223156955350255 25.132373857031286 24.240629214481512 24.781994495179756 22.726937931552765 23.65250522975807 24.597274801003945 26.219162610128549 24.020766471806905 26.471349136505541 26.342761897305461 25.774857310415825 24.326450354077704 25.895618540333988 24.539207941607295 21.728796758264334 24.565783537573552 26.887123260756063 23.004041503135891 22.542074788792217 25.037674329877238 24.307696285223173 132.83899362590904 27.28649595576033 25.739595767330787 25.436351753429093 25.004771711659949 25.157208786406962 26.300863978308012 22.202649776757472 25.241922112259733 25.998485562255954 22.639583238940975 26.518064485580005 25.826869876048796 21.078333064773606 24.16912296915563 26.064446298331344 24.716571391549497 24.736434164720521 24.109942155904029 27.11482494126782 24.736910778835263 26.47281299951246 23.640285563164433 24.101593216942319 25.693144943141178 25.516642563658969 27.787976768182009 24.511411148018638 23.410482484695805 25.571573575954464 24.859806554352001 24.748717324293125 22.842424775217648 25.909028007561123 24.944533763929066 21.595064125846008 25.849598072674485 25.715329044431307 24.953704950553405 25.149980113904288 24.298257903658776 26.237522054390052 22.341051553687389 27.214768512906744 22.117142016759974 22.941765570541875 28.10310185882436 25.603344184629769 25.607667785947307 21.952249682957707 25.22487875073319 25.061976364418346 23.291661657144473 25.859938330076766 26.588110487956374 25.124323522246772 22.856152057979124 23.894759484218529 24.763428823391322 26.05242302274166 24.614678748980268 22.810304614429835 23.744168182436212 22.805558772113685 26.824618064406661 26.021181844191311 24.096494031355217 24.641156533413245 24.178519523983393 25.29127708182121 24.063501053600227 22.796114352683407 25.14732896891762 23.916508069918343 27.45899758125514 23.256915682528408 25.841787834690656
28.201345864092001 29.745283641952327 26.776867994608175 27.479255772604944 27.974189725236982 25.445277402001317 26.831883654214167 28.813857950819802 27.450521219568241 29.473217718241415 28.826518344454513 29.86029102002556 30.081495074883254 27.384343812987886 28.510697309518925 27.913825115462739 24.911793490180603 28.475652323749049 29.691142202872999 25.749115357873873 27.096535331016458 27.802613954696163 26.306117724542379 27.28649595576033 138.68007153878276 30.061171011824641 29.788151715656163 27.212241802770595 27.758070045544219 26.455597795813848 26.639922433127641 28.606117189455652 28.037430036129948 24.933156057763441 27.887987839802747 28.3248656861009 23.015198148947768 23.996673826371751 30.191822845353009 26.799203884212659 28.126035698453414 27.841993851569438 28.961037579133205 27.278205430105057 29.941536966077543 27.133061943008695 27.24935561809939 29.11513890410259 28.738805201179925 33.23516846199368 26.154008870070157 26.837579180803598 27.061049151394545 28.487689238470299 26.826244832775796 26.250650932916283 30.653296750032201 27.794483295246273 24.207130216762511 28.628273058065862 28.761784556882283 27.667107290210076 27.773751057161817 27.433306918186638 29.616439228805092 23.177048646117118 28.856823953115949 25.061301409786342 24.933235332980431 30.537965997635201 27.847202659095366 29.275797460374914 23.343042717721826 27.391580266500643 28.946668455146039 27.503688221118455 28.562197388695697 28.84267460633717 27.977938679232114 27.60315668486507 28.857832264620953 27.400633093931635 28.528007983825276 28.111480082519947 26.374818993864864 27.741385167452162 25.898492227035863 31.345661993051387 30.737464872011021 25.984806751035663 27.144499966463258 27.187561952914105 28.31802206405462 26.824220494025536 25.391944432695855 27.530500868496937 26.806406754098546 31.42824221373662 29.159487477416725 26.253116271416225
27.208125845555735 26.669545692111225 26.12430804987925 24.714294833604036 25.298429041448735 23.852401687884761 25.452668588155507 26.455572223568279 27.427068028509986 24.587637004495068 26.945866466033046 28.11235693652452 28.207030128710866 26.552316451443069 27.289966304913559 26.703626488023797 22.468654773107787 25.302355682684023 29.416703209987098 24.237049247388764 24.714352519150122 26.157221136905878 24.491584663657644 25.739595767330787 30.061171011824641 134.05604712075618 28.044529590707459 26.375976945493708 27.053673185228117 24.702483892400075 26.276839985284766 28.227116962012499 26.111578262618796 24.518915381458243 26.728343225651866 25.758450380552393 21.752151847155027 23.651512258151261 27.551683616966631 26.140838518395675 27.305172005725215 27.323338597178104 27.05156006120588 26.270792010733263 28.09413114395775 26.711216451129939 23.733797786194877 26.496331588103814 29.434178752845849 30.86489388595027 25.681732573295239 25.183209731495793 26.200243125928843 25.502135278301065 24.932752968663294 23.543571723229466 27.697070113928209 27.199840746302961 24.191598327610695 26.007158688326282 26.324231641954974 26.700272305279235 27.261345145142251 25.226121741902823 27.840111366124994 23.153855888182594 27.472896360162082 23.064926307284029 22.823574150909106 26.931919790563818 27.794886374462983 25.951106173409769 21.057866012326375 26.736207820544575 25.26399097524445 26.352992435902411 27.976354363613662 26.699936047277511 26.161053982088895 25.147426803148122 26.83297362113683 26.518436446671171 26.812600050223494 25.810694513555717 24.461047462459533 27.257031903525412 25.015021957206343 28.335372697639226 27.217661269959581 25.066529720920371 24.777352850903892 25.703296364170914 24.703250083720924 25.153046004137305 25.669027625233003 24.257544026897676 25.995737366522985 28.578950051946915 25.128912355108994 25.725806340466132
27.40865712303496 26.479639339501954 27.613774661464834 26.136469975381843 28.465677835891753 25.009328927321516 25.674841972707743 26.715319915358496 27.103774263855016 26.127614210297249 26.757091390468648 27.718679956331176 29.934564414459388 28.546807168173743 28.983219730535659 29.551381875725539 25.303718634207002 26.62363521222203 30.518077353545845 23.95284199140433 27.267050124911925 26.961352039449039 25.982687614335489 25.436351753429093 29.788151715656163 28.044529590707459 137.09528063360355 28.344291109608292 27.143335613303002 26.196845503168891 26.349237230476025 28.157462111952068 29.533745879545144 26.574494533657337 28.677419155749106 27.771317993821 22.194284738591595 25.025900740652403 30.30699460055866 25.417222358475193 27.739797438898023 27.254351007542098 28.491229993197631 28.870613059589601 28.601842055577091 26.689389556609278 25.511801989966965 28.629801485002027 29.658996530902233 32.236197324036233 26.220624284859106 26.745202863541881 26.722686956432991 27.332180729840289 26.449001334699364 25.61468105774026 28.78662638189159 27.151778333714947 25.628424506047548 27.849896576690021 27.48125974434296 28.381881076551633 28.196200780798286 27.855982668685328 29.476524211966883 25.171736907001517 29.156488872782472 25.575934053693274 24.090752062833904 28.819318373005814 30.021575852757071 28.578852913916656 21.359757785717054 26.947674180652925 29.003447284211905 27.414298279792447 27.464831279130543 28.712025244062403 26.936676333987364 25.976256571803003 26.858139160472202 28.47091484654478 27.352163845353431 29.221697318102368 25.109315891561472 27.926960739915778 25.879756960029287 28.364740747133791 29.933180439940401 27.478292930690994 28.73387281884137 27.309618002252048 28.181691975580048 26.837030955810235 24.725348218447994 26.135807151713006 27.763802357280948 29.814812574484836 27.66734785907456 28.102135123759354
26.251612292147186 26.210253651088607 27.041522805616658 24.856931801409242 26.040685357364985 25.942861260698162 24.394196144449992 25.881910959514997 26.283283968877779 25.044835170796254 26.81825517532511 27.563211301964873 28.305848674327951 24.360431447408899 27.827474857822899 27.077432827309181 24.148993086587783 25.47035777616016 27.343348613114262 22.637026304201811 24.817504490742891 27.254890092175252 25.986595981961052 25.004771711659949 27.212241802770595 26.375976945493708 28.344291109608292 135.41435575281716 27.296183380952616 22.723416083927194 25.383570798048233 25.259835870554415 26.694528107340165 24.946469535335478 26.268604384042174 26.410047060749299 21.289586268196835 24.525080183408846 28.568573777293249 26.745724662270277 26.751192172425842 27.861912112727559 28.122433568079007 26.856915576542978 28.797652961189563 23.837020100812225 26.627724324243339 25.907712766263316 28.191486643432185 28.910560430637773 25.03876121602072 26.242100975909388 27.187671076053508 27.449278813224137 26.131906238722262 23.929966152173545 28.885155691553319 26.009855274039328 24.526767547411549 25.334147886521812 26.306712690935129 26.174090457351415 27.4681665088637 25.21800403864297 27.978998607680992 22.768923480890397 28.407980188380563 24.844653633029296 22.861592209021897 27.779209760205159 27.439938936771842 26.922756794111493 21.588579406077454 24.304963336870813 26.791127923787791 26.435565052216166 27.518442078626425 26.477564366695603 25.22064373431467 25.441848381595936 25.725725939277897 26.323698086751275 25.659283887532652 26.033741629248858 22.506811019340468 26.684264227928495 24.211678304233619 26.659060735100393 27.504653617634492 25.515351288264544 25.689388919582818 26.24402422520166 27.114452065736145 24.082040476247876 24.108443075566509 25.578218609149836 26.688446760550175 27.436229370044678 24.718184149993387 26.363781068410997
26.147110072689973 25.701182756169096 25.219814212509068 23.5921201447055 26.85727621809572 22.293947876180336 24.738446510932434 25.597318250552387 25.880162566491155 25.381913221038019 26.179133269136909 26.73988440692009 27.222906513670011 26.489876623064358 26.224498856091408 27.266004089243907 22.262489243538706 26.246888287686655 28.290674204432005 23.466872470018281 24.696027324881324 25.051064119120689 24.90205333132258 25.157208786406962 27.758070045544219 27.053673185228117 27.143335613303002 27.296183380952616 133.44931462769296 24.10276452545429 25.216444540976443 26.291921003596478 27.808489492280035 24.510673718721478 26.053461312493742 26.243549348489164 22.080951669788387 24.393410885099279 26.415988950643996 24.967707932435598 26.912605496210251 26.644689193139783 25.355472858983951 25.238915039310896 29.500933037091258 24.904543609392462 24.36371864591613 26.905974402768351 27.34178400482579 29.046919012926217 25.605271581810232 24.494000142068476 25.915007341915246 26.719500450257183 26.443022818313036 22.79035131836638 27.307997459712283 25.371612327678399 24.659723251079424 25.602422601711851 25.77263373334139 25.970137042405025 26.810979969140615 24.593330622366107 26.689810415169902 22.553171528552515 26.96798940666763 23.861676861192553 22.818624553132754 26.824741589135769 27.215214463277142 25.931122710939317 21.299189437891322 25.504780820036515 26.581026099014256 25.411543502787726 26.084873998807048 26.486522170589836 24.324853525453019 25.524567216706597 25.973379318001292 26.252798536513936 25.759917044945652 24.67206295257969 22.637890569078628 26.677527888427342 24.425678049590307 27.82959147378552 27.402928140293579 26.16908924263695 24.699036975951827 26.280273010069763 26.094930129470406 25.409384918257931 25.157504469448671 23.936647098618757 24.748618733866262 27.428974574786352 26.648429481209849 26.4344800805688
26.091726363301458 24.228212087918926 24.103580681398356 23.791460770861303 24.527759672408571 21.918670819998852 23.243039447082548 23.81213041474334 24.841526589700297 24.365696129214502 25.961512047618381 25.268756489176496 23.861190374349832 24.103556602757969 24.515121530406631 24.140532121765123 20.026659112833975 23.816658482122666 27.614074515840549 23.690031039251675 21.242684443590999 24.886883627034315 24.853108603693691 26.300863978308012 26.455597795813848 24.702483892400075 26.196845503168891 22.723416083927194 24.10276452545429 130.95571120318166 21.466125049402581 24.86264762292711 26.269079378353439 23.869657334446678 26.588565022123035 25.497264371225732 21.134138955345875 22.303419627623789 25.74821842794854 23.647483522923011 25.424211428131795 22.235660093532054 25.325153164717499 23.927127381139002 25.892819516614971 22.410582685622227 22.934430215221276 24.865620263164079 25.323674910468007 27.377753030929863 23.385192348748589 23.106206162172882 23.916630935339992 24.057082728031329 23.237036791011136 23.632589037402123 24.668613765229058 25.151213724026757 23.359503246291812 26.106385767472055 25.461644481361748 24.647784709468688 23.771405908592982 23.721038796644862 25.913742793355418 22.343109382010379 25.419309027494844 23.32869567179441 22.432667839101846 27.413368605752456 25.721415724690154 25.007394139540235 20.496379762213689 23.912986313261033 24.646394398206141 22.981119342759154 23.862101614136755 26.205005675121324 23.503170938976304 22.235231738814417 23.486053283310437 24.454688342572577 24.898655740318528 23.404884399430571 22.253514280534581 22.953395425090104 21.818827123827081 26.670620793381048 26.059602566749675 23.872087657875788 23.386532332145944 22.298153207965584 24.26013952171234 24.48744997813202 21.718184067937461 23.745604530381563 22.512560234249406 27.395740110703493 24.337439797664011 23.352063371024098
25.763287187526572 24.926928970222669 23.433603650096586 24.250464845163702 24.814798594318834 20.674192359910176 21.683109312988606 25.058426557458422 26.44954420106772 22.778600141456298 23.791870896630929 24.278303584285069 26.881233733609143 25.087838838803538 26.482329249374704 25.445919197411566 23.100142490461664 23.390389886440463 28.63010655136722 22.67017583324655 22.806509213002148 23.12224837575144 22.203945392756651 22.202649776757472 26.639922433127641 26.276839985284766 26.349237230476025 25.383570798048233 25.216444540976443 21.466125049402581 132.03536645073135 25.587401394838238 26.187505278526622 22.69781716810725 25.178776606549299 24.265776293023233 21.511215309297626 20.182898560845761 26.231873066068399 24.950223183929268 25.586709551163217 25.578616193844443 25.934285915403034 24.188852441401057 27.000352998801894 22.680512245611194 22.980185721157991 24.619932912561215 27.485159793379268 29.072232065304629 24.409128135207382 23.94123715488244 24.911065840576271 23.71797615737643 23.909279999933467 23.331599407420818 26.300792959273718 22.838331200311199 22.929399213947146 24.311805932871604 24.082789429547908 26.193303713492021 25.133202167888108 23.274402674805852 25.304722248598502 20.897176721054326 25.222199364940561 22.84314068507085 21.925681553119755 25.240294532781093 26.670948459402485 25.174961013647611 21.650424277717047 24.39878744461684 24.372991692024645 24.574333523804775 25.053955522395068 25.720832487487332 24.752556831280383 23.2411278440992 24.663099350679929 23.983268940849928 24.158772657824436 25.875586842579814 21.347588590498852 24.531340743953262 22.198564498390475 24.657661787506562 26.454702274692742 23.335945450107438 23.053844402502953 25.519203449283051 23.799818730088489 22.893241812738108 24.186907670783789 22.654225487480431 24.228198471904083 27.769410367343763 24.863930447627006 24.227836512845915
25.606281450277876 26.09645172005283 24.53837986833932 23.593184406757047 27.042666529895371 21.838873474056648 24.944661641909757 25.340489608092856 26.886605099439596 25.495024693588167 24.815452224422845 27.820009109195027 27.105673682721616 25.581613901977754 25.733709666615351 27.327848258869196 21.579452059784277 26.577033167707469 29.455397135532746 24.924601106232846 24.133667607948098 26.191487185033306 23.792466441367047 25.241922112259733 28.606117189455652 28.227116962012499 28.157462111952068 25.259835870554415 26.291921003596478 24.86264762292711 25.587401394838238 134.47712972364394 27.30146289845009 24.607544699227326 25.137265021315287 24.579983675130933 20.939393195115404 22.280439680581981 26.684071537737189 25.135466534496846 25.740191903789 24.686522961259076 27.438521746747831 25.475185237884695 27.385182094509005 23.824839049583325 22.57039142446331 25.593199879276206 27.87310018607231 29.584645017106759 24.013508783762543 23.819485411904427 25.61122458851419 26.407366362229848 24.060295164314077 25.468516959109525 26.917256459677866 26.339421183493794 22.072615070525362 24.97704322355554 26.702325108151264 27.116124189774542 27.791462666313247 25.34717464241476 27.209720812819853 21.192345973735346 25.284011206528696 23.067240041974788 23.445209171663869 28.0133712493496 28.399132924962466 25.577446516904619 21.875388301323081 25.414933707298122 26.227510039142306 25.194349666929593 26.811659649838344 26.843480197175104 23.434462333423884 24.114921208422828 25.073377399273923 25.630310593775416 24.589771817076794 25.760721934029647 25.891538228300622 24.677945717731998 22.670140183241202 27.340539613293366 26.489386117550936 25.663156369590283 24.840107148787467 27.447326029071647 25.915722871954408 23.119838507691234 24.124563634551581 24.525384636549088 25.108186021150452 27.40419273260423 26.903873201074461 26.332132713156756
25.884366348693955 25.322340848368562 26.744718755523792 24.567285688804755 28.172697486849678 23.968947979259646 24.244153369504179 26.991370918019062 27.06775500070173 26.091871107426208 26.953318304613482 27.006334467592058 27.471462834219118 24.897597832943433 27.41004394421255 26.665760881339203 21.529097543120052 27.737252007711014 30.12144887827181 25.201835125019436 26.857350891517086 25.876219287280048 25.17280247489445 25.998485562255954 28.037430036129948 26.111578262618796 29.533745879545144 26.694528107340165 27.808489492280035 26.269079378353439 26.187505278526622 27.30146289845009 135.90404802814885 26.83783825988408 26.538256865810705 27.374937158996371 23.311240552389762 23.066136946018311 29.177556790844573 27.557575851579671 26.004158176686168 25.780491300075376 27.528355733626594 25.217296450437853 28.682936928504468 24.987262643666689 24.372739806806809 25.655189177034639 28.581858110755718 31.383293617891859 25.096603264490707 27.672912047971742 26.423658302181668 27.919470913552853 25.70598864757179 24.630112507983682 27.580133198648696 26.869636401306082 25.597869513911743 28.617171350774907 27.440315892289291 25.548788569393402 28.118916547050954 28.285090607384191 27.392978728401626 23.652921058322477 26.795227475888424 23.4307911720853 23.767289465114974 29.790567022085739 29.007733684885853 27.221952123034679 21.984406064630477 26.718844656472449 27.200079578590501 26.798638242264964 26.060556214291786 27.778943494003773 24.196878907229006 25.068242643540504 25.181304571233369 26.569032712315007 26.794370591041481 26.469836453480163 22.972328639113286 25.528173171242436 25.664404985581456 27.059219367868764 28.487150576405249 26.774231054663261 27.237128412278807 26.194261765427122 26.80847483983764 24.819936061764309 25.11288086931615 24.47992559195761 24.754395581942294 28.552183320173626 27.620962851499662 27.304294455948995
24.80094916960249 21.600332383992587 23.340530666395075 23.453156114532458 23.829300592393167 22.583404852830739 21.830583129583896 23.726283584937409 23.490729722755308 23.556881999988221 25.636135727034105 24.349083846310421 25.067473807583461 23.97979887547876 24.727770711006993 25.349404462435551 20.793921507385761 23.562945045036809 27.425733157922004 21.474940749424611 22.889212910859747 23.458525793393289 23.130826432224339 22.639583238940975 24.933156057763441 24.518915381458243 26.574494533657337 24.946469535335478 24.510673718721478 23.869657334446678 22.69781716810725 24.607544699227326 26.83783825988408 131.05826886975177 25.077311647214366 23.960769440914479 21.782540654953969 21.413781648950902 26.089236088782322 24.497622212875534 27.008134654476251 23.403532874943267 25.356206608420532 24.840881532996878 25.868734082439335 22.940691303028821 22.155505204257391 24.240796679237189 26.501429850925586 28.505684219066282 22.828477191926652 24.573702234305223 23.322611503059086 24.023785074680287 22.077447775962831 22.231594003689263 25.090425090148294 24.534707453126636 23.702908306106057 25.746746300319693 23.995061519477826 24.232712161177044 25.616636371347635 24.347848780177678 25.183946442351125 21.394066407821299 25.571531114471764 21.688618965711836 20.575980408792748 25.777534988675036 25.7328759197705 23.843955001291611 20.973915605829987 22.86585774183775 23.156372823309191 23.041255199545599 24.966386199896284 24.274140473174693 20.820428765001921 23.570814841515155 22.904804298855858 25.574174150755503 23.45936686831023 22.995062862738475 22.708448378474415 23.714489371887684 22.837298156272393 24.367443770516012 26.129242587960857 24.456290977356552 23.791573099730932 22.987277947940846 22.866703106920433 23.67910276369561 23.760045979440992 21.520677675894895 23.420461998224443 26.280839621122237 24.013449980001838 24.652566965279803
27.126803926784234 26.790009341628263 26.395310268612128 25.232825265859613 26.554970693971562 23.709902262724807 24.684272401709283 23.88564987066048 26.152372248191728 24.76512598834854 25.898306079889444 28.466753696319213 28.948848960582211 28.095996328936334 27.142342867858492 26.045887366676833 22.842174062021272 26.416037309500982 29.968439457502384 24.77718543585798 24.68116620264605 25.176823495502877 25.136345439036845 26.518064485580005 27.887987839802747 26.728343225651866 28.677419155749106 26.268604384042174 26.053461312493742 26.588565022123035 25.178776606549299 25.137265021315287 26.538256865810705 25.077311647214366 135.07137337499665 27.453791784179536 22.277959548523594 24.102440942771263 28.45863648743536 27.251902905184039 27.834636169021909 25.968402900356772 26.510256875073029 26.957895404306946 26.088431206104548 25.874156701739746 25.141652557321972 27.387961491189742 27.175055641209017 29.559132887225211 25.671555778204649 25.783616254880634 26.649874152622868 27.382473795736285 26.137388741110765 23.956896707799025 27.622034263942542 26.863152266373 23.851412184039262 26.943486175660226 26.141665889069262 27.438557083728892 26.490316027643139 26.442347522741212 29.369093264174463 24.699754904167929 28.600849287499116 24.21108295205746 22.538057756598125 27.441276741149309 27.761768642690285 24.943608433711912 21.386081792942413 26.066987834177446 27.655880776280625 23.868684795697188 27.152079480292187 28.367066497196898 26.382273375201983 25.654243492635043 27.124706989178065 25.966834661724771 26.723274924746139 27.669065427957822 24.65184774646351 25.602140597854845 24.438200349800326 25.877350262375483 27.626645265295405 25.41475209169133 27.074959816180172 24.058184039536478 27.363044430771254 26.065216575916846 23.755106181814693 24.474019412537032 25.355510061298606 27.239752083891645 24.813402428111011 27.674442888754452
27.425527765119501 26.999625619018211 26.48121829026282 26.414486329709991 26.977260220147446 24.766412889570447 24.662600577227078 25.481798068215713 27.30994822590004 24.870149356889495 26.294697591945717 26.929280159981996 27.697507655820441 26.445878272836502 28.003702990427314 25.908730948864857 22.905173702510634 26.00086757099433 29.688787181041992 22.947611689159256 24.206509063970977 25.546443237665386 24.948093999349414 25.826869876048796 28.3248656861009 25.758450380552393 27.771317993821 26.410047060749299 26.243549348489164 25.497264371225732 24.265776293023233 24.579983675130933 27.374937158996371 23.960769440914479 27.453791784179536 133.43582283303203 22.687941926295867 22.213086990496535 27.610465662178935 25.683280452804979 26.304421685657225 25.5167185078279 27.134570212167215 27.304848826190639 28.136632071183893 24.833117801638327 25.15422381555031 26.077551479684793 26.697136357620884 29.781779795544097 23.94525915571208 25.947520650421904 26.153122169515274 26.202715677884797 25.846981873565653 24.748018822912304 27.983555680469234 26.502258248772364 23.861252314779946 26.097294860417694 24.713854644964034 26.882781272613943 24.628991544230008 27.451013849006259 28.909266063820734 23.259588888945554 28.155290830599505 23.814283804663731 23.978717606609514 27.254660196689812 27.745340844622113 26.35898325791451 21.796559556963409 25.808228190590793 27.682780230658157 25.660353424101395 26.309263353763846 27.250472316826347 24.493241205508724 25.374310735229187 25.672134624947002 25.877234607481117 24.996069885036796 26.771903162070448 24.395516299358761 25.354484261319762 25.112117090213339 27.669353283821263 28.670130828957394 24.854367620029642 24.48995138945633 23.66647787431717 26.130681152830302 23.709718275124626 24.272386818131878 24.891703998232163 24.954059565422376 27.861838959832617 24.948864413093272 26.435917968429081
23.75943747132613 21.944078139150673 22.200824037051866 20.816781797614329 23.455434867149453 19.434524585337773 22.158368164098714 22.168554467038753 23.139348508908974 22.240862376107316 23.125647632229207 20.359526156473347 21.559295203395603 21.638344848138573 21.765721916338745 22.271590630655538 19.395347273544775 21.198623200117797 23.922219855599494 20.652300155487804 21.100854511731519 20.535289364898667 20.780469268494425 21.078333064773606 23.015198148947768 21.752151847155027 22.194284738591595 21.289586268196835 22.080951669788387 21.134138955345875 21.511215309297626 20.939393195115404 23.311240552389762 21.782540654953969 22.277959548523594 22.687941926295867 127.07470913050257 19.725274149858951 23.156615279722466 22.166765677977729 22.407337002785013 21.579985596721198 22.802892658366648 21.288271858895744 22.940919164109069 20.40188034173045 20.070455744685351 22.151589347931068 22.894481670175935 24.529039855657871 20.634958884010281 20.185612593064782 20.809268959661647 21.519604705809531 22.237458507592017 21.15466636576922 22.38768090555444 20.876158302974996 20.35601691987436 22.51274842451414 20.711944514175663 21.457954865160989 23.242956157909564 20.880723570832394 23.796539046559271 19.416792573069245 21.443601838018669 19.574591221396911 19.894218605979948 23.320379821748208 22.869235109432591 22.015035756938939 19.546466362821796 20.454603640519199 20.629416851041345 22.43144714159407 24.193472719273203 22.208327483409299 22.113113766577623 22.649222261438247 20.902053741438134 20.605178394133468 22.399564067938609 21.141486950525948 19.484685890083469 21.252021493669112 20.676181728023042 22.242124033457866 22.235004511551228 21.637017321960865 19.755292646533096 19.43774669162265 22.48391828914923 21.571365060001554 21.248892258332859 20.963681936554568 19.644813589123672 24.599418872914214 21.538988057918377 20.52875933439482
24.005277938735695 22.547467894508259 23.55287743125292 21.178860690684797 23.096089280725526 20.73224281320881 21.375072532364889 23.038342013241742 23.401886000551769 22.206069573949073 22.941260646442554 22.72256380397765 23.985612789558267 23.270784352479023 23.693425954688024 24.172792694175012 19.307654170616683 20.942257890453067 23.987290972722022 20.680558028491948 22.463020866869044 22.210252325977766 22.969644020126889 24.16912296915563 23.996673826371751 23.651512258151261 25.025900740652403 24.525080183408846 24.393410885099279 22.303419627623789 20.182898560845761 22.280439680581981 23.066136946018311 21.413781648950902 24.102440942771263 22.213086990496535 19.725274149858951 129.09697038007715 24.609497857019413 23.609405765027812 24.516982568197598 22.393878048418728 25.034099881389402 23.942287962010855 23.637003050330815 22.250156798547589 21.6437449609815 23.672044761283228 23.171865210519101 27.857550027291996 22.783253128050461 22.108153247690701 22.769774351697855 24.677435538084755 22.349093298484792 21.081018687741931 24.508978652884405 23.78220120274036 21.993164853498968 22.504668653688832 23.53582018802496 23.583056158560687 25.068739158392678 21.460377335635496 25.716282044628361 21.06832489005215 25.405452108887097 21.706152680402589 19.354567404334173 24.547239178890784 24.623404396811917 23.604059357461281 20.549711659242337 22.988771650834003 23.661937143634539 22.70817398475188 23.824406631148701 24.067245177039641 23.572108389203819 21.774469282119757 24.626550899776937 24.529178735083459 22.899362261436934 21.933551973742986 20.000678875002169 23.656945992364157 21.796647674287506 24.17101241637604 23.886336578801988 22.60229624814809 22.782856655517541 21.16022137566479 25.097860938046257 20.247238711947045 22.621586418994447 23.60198672891547 24.014045507459738 24.815530284810372 22.733445024372539 22.992630840255657
27.62556985579106 27.498118620232304 27.670645458358717 25.517251215729264 27.360134093698413 25.058368947970717 25.035987675535608 26.007541913777157 27.385123100424483 27.054181640929396 26.563373615364636 27.925285998232056 29.193271662932723 28.768880787614684 28.727196274742131 27.973767048722841 23.62724805783899 27.955134736469734 30.768720081630192 24.337665026277165 26.108370250686015 28.005877626929227 26.012596884686282 26.064446298331344 30.191822845353009 27.551683616966631 30.30699460055866 28.568573777293249 26.415988950643996 25.74821842794854 26.231873066068399 26.684071537737189 29.177556790844573 26.089236088782322 28.45863648743536 27.610465662178935 23.156615279722466 24.609497857019413 136.95771235236646 26.902239385438993 29.129132979604165 26.607093885106472 28.797845662655636 26.349311501881857 28.108108115342198 26.094475778516923 27.822075457597485 28.891642079859622 29.538372195553077 31.062703096313935 26.388732041685731 25.039612660311619 26.713033521773049 28.445506833446842 27.784814421661441 25.672916108847641 30.540266711330396 26.314609144034304 27.213686132655234 28.163492452494047 25.793325132844242 27.460316340575588 29.537449969235574 28.217920036485548 27.700283079341432 22.378404372811893 29.116058036804326 25.529444164584554 23.324668659947278 29.920643277096804 29.247293971731416 26.567432182368758 21.681345820940997 25.605354165036243 27.875242792967377 25.937757564052816 27.368209454424644 29.543360725708446 25.527400900356579 26.357944551687044 27.124666510504174 26.508889800377499 26.589377688428694 28.285811635791411 26.286014838215667 26.941446346097763 26.012319092842578 28.067612938306489 29.974346106915117 26.89291564131862 28.219013222952995 26.289024190753956 26.844756953908263 27.147796866559105 26.062659835277824 26.105874086064894 26.443631774801435 29.005732653149529 27.062727560285659 28.582487009060085
25.747348828678923 24.970924868084115 26.543150127929511 24.661930160582042 24.785918389333716 22.962572289431403 22.654601791656855 25.460258147535416 26.108929542740626 25.059986210559476 25.663032243119979 25.296583935075937 26.629694820527476 24.81081807579044 25.647936145562532 26.713087420642061 21.238296350318155 26.387317532308767 27.87462688024112 22.477508475948845 24.552874407117024 24.730388812369441 23.580408745983796 24.716571391549497 26.799203884212659 26.140838518395675 25.417222358475193 26.745724662270277 24.967707932435598 23.647483522923011 24.950223183929268 25.135466534496846 27.557575851579671 24.497622212875534 27.251902905184039 25.683280452804979 22.166765677977729 23.609405765027812 26.902239385438993 132.04171860068652 25.768508800216789 24.103870874794303 27.448971495210859 24.974980821174583 25.661125003985763 25.608505638561613 24.790169872709068 24.096896372160248 26.99410369048319 30.516731094935107 24.796715967597649 24.390280602817107 25.692743604890072 25.781058490947881 25.426733820604028 22.978754437997139 26.160831702868695 25.066856601320328 23.959539668539982 25.240729124616756 25.476063696565411 24.99275812816391 26.604264911921668 25.346255337825578 27.168668041304869 23.650723089086725 26.475048126406509 22.088260566019354 21.76790552036692 27.775929415963642 25.614294869073191 24.364021963690988 21.305600053377741 25.421634563306863 25.297599242358871 25.817567106171687 26.48756714483482 26.823184410051617 24.599538809505056 25.297236544093323 26.135729886160071 24.777469432763002 25.619227450890914 24.374237660261841 22.560125341122021 25.038296358481112 22.757144779114942 25.688887798869612 26.756085426656917 23.865038274322924 24.071440834414336 25.488301666390129 25.831638366694271 23.424606963399619 25.126516380763309 25.012666856491837 22.840764988909289 26.344025128997373 24.818817894704967 23.65830280735366
30.134340662924462 25.864336913239612 27.74581278144953 25.035124113015449 26.159058338444662 24.803054842794818 24.042016474730268 25.618192218692439 25.328015669555711 25.476945419603773 26.586759508784972 25.699279839408572 27.260263240136652 29.880110552827098 26.809804543079444 27.364609727228093 23.283611925982214 25.21486623390539 29.115094910598565 24.846731440544378 24.527197328675523 25.96461226465102 25.71818010150437 24.736434164720521 28.126035698453414 27.305172005725215 27.739797438898023 26.751192172425842 26.912605496210251 25.424211428131795 25.586709551163217 25.740191903789 26.004158176686168 27.008134654476251 27.834636169021909 26.304421685657225 22.407337002785013 24.516982568197598 29.129132979604165 25.768508800216789 135.81878752208206 26.726964128987856 28.605074782930753 26.683672008036559 28.425011241927411 23.718797761698358 26.012111072389839 27.888529569428002 27.467532818425315 30.59130987172346 24.111976794282437 25.616056642932509 27.450128892165452 25.748568097189914 26.03687248637311 24.007977971061493 27.520802743040363 27.891138855308544 26.234134995473092 25.911291719251416 24.92310311950439 26.23103615131064 28.574894599384372 25.632004481459155 28.577819798904184 23.265509668054989 28.433569167674381 24.310966470780425 23.799608147462394 27.878109265192528 27.134076857570047 26.600556976792056 23.634479793061683 26.76533341110343 27.43581767979877 26.791136444039893 27.345843353972665 28.779224456223314 24.684693527834234 26.597618146701247 26.16854501974704 25.943022381233362 24.827899800029105 24.970422794153475 25.063662128291142 25.390217988673623 24.330276326715044 28.125071864240976 29.327663172062461 26.157025949479465 26.497368390435149 25.674776113931173 26.656997108652309 26.280971945504799 26.195315502513655 25.43765407287728 25.427157272779233 29.545778312594219 27.133784163728958 28.119646205237313
27.48828649672026 26.97559996134067 25.472409801933743 23.570245992411888 25.152155964317473 24.704553315964809 23.763454041847886 26.029147947520602 25.566435645386811 24.46641018494838 25.598102444640684 25.114177664473868 26.973601964864379 25.643831282728865 25.635313038480511 24.577688617280678 24.448183111128856 25.153686436831034 27.917532741139617 22.985849043785972 25.009751962120532 24.885366589458531 24.477405463181825 24.109942155904029 27.841993851569438 27.323338597178104 27.254351007542098 27.861912112727559 26.644689193139783 22.235660093532054 25.578616193844443 24.686522961259076 25.780491300075376 23.403532874943267 25.968402900356772 25.5167185078279 21.579985596721198 22.393878048418728 26.607093885106472 24.103870874794303 26.726964128987856 133.36244979365645 26.455254883927719 26.439360210639457 28.098056041720238 23.520511221936626 22.456759424557351 24.84994014681757 26.67360939818489 29.315461325696816 25.39428885125065 24.991653003366679 24.745643830584452 26.028343290080034 24.519627512117641 22.793451592658926 27.828534425506067 26.30263454627379 22.228766740002047 24.239289193607121 24.24855033820047 26.663801422236446 25.543679971821419 23.843437140656505 26.615627282081594 22.363104604946866 27.21504512859843 22.567328619045849 22.10840295960956 26.503738401004689 26.812156827287655 27.691269684849136 21.432638106281946 25.174561191847392 25.231041938005234 27.021328055297985 25.831828098788947 26.085206813278891 24.674983541827284 25.247941239722117 24.473071552173682 24.96228899096592 24.965095241928815 24.948872275917008 23.221614560021386 23.933350062947095 23.472906329539697 27.418554094488606 27.581081357248109 24.106212222764967 24.703426478792924 25.885827305688203 24.752680773933257 24.510299368818824 24.069920834333725 23.959133817172781 24.764097622529075 26.70671350564086 25.109297896804865 25.903338149344929
28.224327296416973 27.723840199437337 29.122454938280402 26.815879622204772 27.72954767536563 25.63441035190014 24.040165005764706 29.019120838569933 28.7024452504868 28.020137260212515 29.267583884335245 27.078850143619771 27.487436761766119 27.389395979680661 28.849745881828703 28.17438124715644 24.186385080705854 25.648708919367689 29.654088396064072 26.302885505856803 26.956971761691371 27.07777610321925 25.767287637429281 27.11482494126782 28.961037579133205 27.05156006120588 28.491229993197631 28.122433568079007 25.355472858983951 25.325153164717499 25.934285915403034 27.438521746747831 27.528355733626594 25.356206608420532 26.510256875073029 27.134570212167215 22.802892658366648 25.034099881389402 28.797845662655636 27.448971495210859 28.605074782930753 26.455254883927719 137.37299462218516 28.568571761461648 29.029601064219062 25.225518790645665 25.464786088543111 28.058586245668135 29.201599900560542 30.139285680947587 26.230000482332205 27.234349127936802 27.945088345941056 28.335768877381902 26.121885163565562 26.743794337522996 29.68317248518898 27.687186900148291 27.382489378778079 27.266762742107105 26.639328684323011 27.338938428640198 27.17692228574569 26.947923654815995 29.423565431609752 25.399951105610281 28.175110992699157 25.245217313123081 25.14117455798559 29.61266917934114 27.995209241072349 28.067432886824029 23.60791658325083 28.175636488032488 27.424365197125258 27.824108253864193 27.50006347322968 28.868080789539686 26.462433962553835 26.602071979895086 27.185999075133203 27.057860805362356 26.467283723385044 26.534692011089312 25.355294064219162 24.884278124236609 25.773603546350401 30.16079420531246 29.194229579087487 26.1138151528938 27.270221976288596 27.2523473395445 27.635459151866382 24.079750162622243 25.636737783894713 26.585728394840903 26.661294048206042 28.964665780263413 26.820944325352599 27.15496215813188
25.789835020211701 24.287932220495776 26.581612171937795 25.849338028319245 25.521889745497877 24.805182834212644 24.214939956690053 25.45051272466787 25.272086309583067 24.416966039866804 26.318755195162545 25.072562301745872 26.471324598465763 26.299752212268071 27.969669810616207 25.079215029123144 24.090548119948735 24.29016778549919 27.423260365159244 23.321042087709859 25.683167560256255 25.875643561820105 25.056647523111348 24.736910778835263 27.278205430105057 26.270792010733263 28.870613059589601 26.856915576542978 25.238915039310896 23.927127381139002 24.188852441401057 25.475185237884695 25.217296450437853 24.840881532996878 26.957895404306946 27.304848826190639 21.288271858895744 23.942287962010855 26.349311501881857 24.974980821174583 26.683672008036559 26.439360210639457 28.568571761461648 134.44999409472535 26.52277930859896 25.065106219064734 23.065383078552916 26.887950611165596 26.569200127270431 29.135328287003972 24.063286173467173 25.175021904457353 24.953724916784999 27.083542304092191 24.619970365926918 23.384760816181441 26.455871709872916 26.249300302163796 23.105346386298066 25.195888631224229 26.717445947202616 27.234347057849224 25.457185693017376 25.840466793493121 29.304628626286124 24.393998497441682 26.337459830012623 22.863989402230789 22.888431181425528 25.782945211926791 26.94873129166514 25.770669988027819 23.201635841365331 25.875253686488016 25.201216838551158 26.168672325106101 26.245661570163723 27.330290103911587 24.616194986541807 25.185736399482646 25.689001402794119 26.68826724837275 24.089798530835047 27.369401996757848 23.898313435027944 24.496803480534521 24.201028272330383 27.004120260583353 27.460580812046267 25.51879711663284 24.581297723301656 25.37562438156851 27.126630662557272 23.595734348996579 24.483045352856646 23.788330012797338 25.334605837387421 27.784552565622448 26.360248467556975 26.083144548481268
28.004780439876729 28.398075023999702 27.299539216846686 25.002533259780677 28.206490923779995 24.336991687610698 24.995412248130187 26.42523935469633 28.480682402991214 26.989610411007096 27.475563687851515 27.592656547977562 28.250608773069231 26.092363052737227 27.373198391957811 27.798982815501596 23.335466007076512 26.964104559261827 30.160766867266695 24.1277188564335 26.005022324131485 27.207688941172957 25.356591601824928 26.47281299951246 29.941536966077543 28.09413114395775 28.601842055577091 28.797652961189563 29.500933037091258 25.892819516614971 27.000352998801894 27.385182094509005 28.682936928504468 25.868734082439335 26.088431206104548 28.136632071183893 22.940919164109069 23.637003050330815 28.108108115342198 25.661125003985763 28.425011241927411 28.098056041720238 29.029601064219062 26.52277930859896 135.47131448315915 25.030814685559971 26.578590856225599 26.65172260539531 29.337893299147208 32.518623896223829 27.21908707329737 26.085705665078681 26.472003925977162 26.955784124670092 26.301810116897737 25.144287676953265 28.061901048342623 27.915061490171656 26.036669441604602 28.070951752068122 26.306020050222134 28.805612268190718 28.317237614715467 25.676251839341639 28.165904167907851 22.719698904292621 28.488378745455506 24.199969180562103 23.34276359557823 29.37038337889636 28.450039645699576 28.902048424283077 22.704822383347985 26.279344372514533 26.960107319779318 26.867271426901539 27.801153877763266 28.763728873709429 25.254247787529213 27.157083765929357 26.156150316164823 27.182524872039764 26.181635845449122 26.813343183679514 24.601957395308968 27.059308411940602 25.103290670558348 28.541938150573252 29.50310067842651 24.804268130928708 25.596104205634372 26.468143163486605 27.414965171742541 26.33782672258873 25.051595941776096 26.013830537729358 26.450693261743911 29.768580040907484 29.032699304255647 26.942613389038172
23.117305268474482 23.729770703919588 25.352698283125665 23.100557043614451 23.84236628079918 22.08989059302689 23.377852521732137 23.221828119610802 23.164964466548241 24.303018928341203 24.994051512733151 24.465625379605342 25.771362098779832 25.55250016043604 25.995002343223817 25.917610774911132 21.331810853143612 25.127007413684833 26.393011428738369 20.912355661188624 23.202503981703483 23.129809089191799 24.102658195690115 23.640285563164433 27.133061943008695 26.711216451129939 26.689389556609278 23.837020100812225 24.904543609392462 22.410582685622227 22.680512245611194 23.824839049583325 24.987262643666689 22.940691303028821 25.874156701739746 24.833117801638327 20.40188034173045 22.250156798547589 26.094475778516923 25.608505638561613 23.718797761698358 23.520511221936626 25.225518790645665 25.065106219064734 25.030814685559971 130.710275689236 22.724921674254364 24.157111130216759 26.376014730793734 27.61410753497799 23.820874434122498 23.057243805618992 25.029523152381483 24.918090201744139 25.248999881951075 22.199216904169418 25.333469292836288 24.462497039873973 23.015709526168649 24.400431239565151 24.363637732430931 24.424118639270457 23.768674938129905 25.199361711935541 25.364385427037444 22.359010240835648 25.11677169690207 20.508187254612086 20.86105128915797 25.201149289168644 24.633724739562748 22.188442969238817 19.988452991313178 24.103753891698048 24.729668148525601 24.257119516235413 24.701078000251133 24.63727775141896 23.307230875206738 24.896956935781162 25.07589072211956 24.004996578639595 23.875991378507305 24.246918389910068 22.594509682485114 24.402401273114595 22.8784721932794 25.077458838562404 26.743775396203098 23.641103790258381 23.788637122614368 23.093716666805193 23.032569375967061 24.053622892466429 23.427994664016293 23.262092991281072 24.63698189295571 25.598665357912672 24.919972514789283 23.377642521376998
24.897614521902263 25.670521295982368 26.293207036825514 24.221231456489758 24.584202498979252 24.2565893852389 22.140784499624488 24.538339400494451 23.497662050235416 23.386086809415094 24.888899484119282 26.037933413872867 24.405647708597368 25.540734117208242 26.461719396418726 25.862015503950627 21.140030989218179 24.014137032547524 26.946685591764805 21.981192424219579 24.065238093639664 24.658741434326167 22.770083266028159 24.101593216942319 27.24935561809939 23.733797786194877 25.511801989966965 26.627724324243339 24.36371864591613 22.934430215221276 22.980185721157991 22.57039142446331 24.372739806806809 22.155505204257391 25.141652557321972 25.15422381555031 20.070455744685351 21.6437449609815 27.822075457597485 24.790169872709068 26.012111072389839 22.456759424557351 25.464786088543111 23.065383078552916 26.578590856225599 22.724921674254364 133.81843125179674 26.519016063149714 26.180563609534151 27.566962810180286 23.622989519290812 24.546560341860747 24.987573066000667 23.238504807640613 24.733982361048984 21.901664879403146 26.831422161733506 24.677893919552453 22.573197920232612 25.220311813182867 25.174454913919185 25.564797494807141 25.366671137715379 22.892204011682384 26.362363549688517 22.36066172784782 26.238736452370198 23.806318412700808 19.222372352155123 27.628839889140224 24.636884803474711 24.647578068065712 21.057539862186914 23.20233555715944 27.246345102477086 24.194462753830749 24.875675281809134 27.448866442448736 24.357469811936415 24.627318042909756 24.92789490757124 22.560168163954817 24.316896279350551 24.21137349638018 21.115731431721862 25.42774885544819 23.12555027328656 26.034950660199051 25.794197570321938 22.116264176815754 24.406672576678424 23.247479014249127 25.31932538395986 24.270168747394909 20.5239660170256 23.309271507740885 23.294150129655399 25.33288376447063 23.211382999059001 25.393230655801304
27.03566362151064 25.203405076616534 25.536322618741906 25.34421795098412 27.472595010709796 23.316230487104214 24.039891484337485 25.484603302337899 24.984149612339458 25.825404791319365 26.452795632099185 26.928989760329529 25.557869038088874 26.948157139673057 26.35838467139066 25.72897490520516 22.147954828028833 24.370935099497927 29.041304300059689 24.321732962975599 24.364511108506449 25.335145689188803 24.361173110107824 25.693144943141178 29.11513890410259 26.496331588103814 28.629801485002027 25.907712766263316 26.905974402768351 24.865620263164079 24.619932912561215 25.593199879276206 25.655189177034639 24.240796679237189 27.387961491189742 26.077551479684793 22.151589347931068 23.672044761283228 28.891642079859622 24.096896372160248 27.888529569428002 24.84994014681757 28.058586245668135 26.887950611165596 26.65172260539531 24.157111130216759 26.519016063149714 134.72191166000198 27.173627263906631 28.326390175572516 24.687296125958586 24.898025514989751 25.044265296968007 26.528752028958387 25.89464035361949 22.546323475183215 28.528353865737941 26.269458385497568 23.562191607917033 26.980451133871277 26.292002730945185 25.656437158465909 26.525527563508508 25.326177508719486 28.40867238200336 22.926244574179908 27.122380459921498 24.883695840444066 22.799419150986342 27.746456358664794 27.168057360187554 24.898727912813932 21.258491929088173 26.476277748388505 26.64285843651292 25.90162985582943 26.961184964383307 27.115618691786779 25.168235829921553 25.253748143982659 25.699682239641565 25.972756347643685 26.084700219856163 24.668028012490879 23.65208451344494 26.099981214654495 24.288024357069297 28.887170789356553 27.665180032866701 24.67266140865096 25.887560870644037 25.94920585942781 26.817710146400863 24.861692719708895 24.030913292782007 24.452586602197098 26.316732798018354 27.758019600891188 25.727420271941632 26.752343125398934
26.893763893978612 26.542584163898606 27.860499290251958 25.007707578747709 26.768483540555881 24.40786218253108 24.132362110372224 26.947476564248699 26.565758259335574 25.320643111761548 27.253012327290254 28.396603276300819 28.127858214500041 27.816286157867058 28.72503193130111 28.948063908933754 22.735775650072064 27.053456009006961 29.785910294210851 25.294524859225984 25.224254343946075 25.780779369416923 25.522341051806361 25.516642563658969 28.738805201179925 29.434178752845849 29.658996530902233 28.191486643432185 27.34178400482579 25.323674910468007 27.485159793379268 27.87310018607231 28.581858110755718 26.501429850925586 27.175055641209017 26.697136357620884 22.894481670175935 23.171865210519101 29.538372195553077 26.99410369048319 27.467532818425315 26.67360939818489 29.201599900560542 26.569200127270431 29.337893299147208 26.376014730793734 26.180563609534151 27.173627263906631 135.97153804660138 30.754721372591753 26.3137999350763 25.960376355952253 27.155498804731057 26.787482198147721 27.065653852589961 24.762374584678344 28.814091764264848 27.57012721804049 26.392182884077318 26.598453246480748 26.380644282937801 27.470009585501714 27.331815282790565 25.792694152627046 27.137322279727837 23.714136444902941 26.941643062551204 24.709605252174232 23.323785444870992 28.355645858902445 27.472583539866822 26.696267531355076 22.346093810799907 25.255743003531268 27.138828776186347 27.07691977038975 28.43965921078204 29.283414418446785 25.671270265027236 26.683048863228521 27.23978261625038 27.881160778218582 28.127248997505795 27.417618762489244 24.5336546547952 27.028606374035135 25.603791805415888 27.601136531951433 29.010072108690128 27.580514905531093 25.676938329833167 26.609694291039524 26.978093965732413 26.449273953831245 24.224341960940031 25.211001171709043 26.938583466378898 28.380780457020229 26.270692233839405 27.06003963679203
30.898252004492988 31.393643050580135 29.506681663585937 28.40903830834899 29.313563873884505 25.952000072619775 27.733782823265727 29.236489337028491 30.847787968673558 28.571467575819817 29.455666388997749 29.011223346488578 32.326445941412643 28.415684297877046 31.434776272233755 29.927456705547826 25.555535798087735 27.732140599388153 33.35919580323332 27.088160430692501 28.217960263165164 29.363974730361825 26.937079934939614 27.787976768182009 33.23516846199368 30.86489388595027 32.236197324036233 28.910560430637773 29.046919012926217 27.377753030929863 29.072232065304629 29.584645017106759 31.383293617891859 28.505684219066282 29.559132887225211 29.781779795544097 24.529039855657871 27.857550027291996 31.062703096313935 30.516731094935107 30.59130987172346 29.315461325696816 30.139285680947587 29.135328287003972 32.518623896223829 27.61410753497799 27.566962810180286 28.326390175572516 30.754721372591753 141.26027956607609 29.063556402645105 28.533455418408895 28.788538209488575 28.088633284572015 26.796178414018396 28.430303544176432 31.063827041746389 29.441388250300555 26.9952485354872 29.091350013858861 28.448184643648201 31.243995129296781 30.860936120822977 27.98575572465155 30.748835794966983 25.722993655297699 31.09634076163649 26.55783067756704 25.98589721348533 31.971256271481359 30.946855792846065 30.641969893970753 25.001446517872264 29.661126850492419 30.145847519107964 29.751899369269292 30.058684297129794 31.780959144416741 28.06008498084838 29.583320340161734 30.031608543612716 30.80475033130141 29.060150161221422 28.840039150930117 27.06454700831079 29.732424576571912 27.790154771616681 30.637583045251457 31.800381426646346 27.224445336482191 28.340260399925445 29.044994011329297 31.002666065456886 27.621135131209698 28.679214564884202 29.494517702659611 29.506965193640134 32.533002824811803 30.301166652134992 28.466286419544574
24.288619514126506 26.591975989192314 25.131091740499564 23.763708656636833 23.738052271756903 22.404274617151387 22.377622896863056 24.974144553681608 26.644222820425366 24.954594953427673 24.945946375344946 26.422528118547941 26.852311655354885 26.094523518363648 23.335211813966072 24.95539320163471 21.936851174251853 25.062366652224433 27.10973230740051 23.353840011012487 23.643615658971829 24.404239778668323 23.334134562514922 24.511411148018638 26.154008870070157 25.681732573295239 26.220624284859106 25.03876121602072 25.605271581810232 23.385192348748589 24.409128135207382 24.013508783762543 25.096603264490707 22.828477191926652 25.671555778204649 23.94525915571208 20.634958884010281 22.783253128050461 26.388732041685731 24.796715967597649 24.111976794282437 25.39428885125065 26.230000482332205 24.063286173467173 27.21908707329737 23.820874434122498 23.622989519290812 24.687296125958586 26.3137999350763 29.063556402645105 131.85569218775564 23.035307349290743 23.709119190077093 24.385367908441097 23.973534509609255 21.997207244935986 25.119280627678851 25.470072717676146 21.935302410166052 22.865112651858723 24.529632588539791 25.730430074597798 25.250641171300348 22.36796899351928 26.030354750188586 21.425917880866621 26.248520446291522 21.708754141985413 22.240284787906997 26.262257025800686 26.251492652207979 24.622091057524649 20.382685113535377 24.043596202416737 24.925327382831146 23.626852483004779 26.417259103323314 26.55469794920932 24.564706671080724 24.17226946289469 24.145983582405872 26.124020344407036 24.189216921949946 24.296483343747241 22.25340611661073 25.963971309016255 22.456710502568789 25.202908669882945 26.369719498771772 23.692608470001353 23.836543800632402 23.833097774378384 23.580233302706546 24.377798804508053 23.551098379952133 23.451839337176771 24.441426902323769 25.129061730903334 24.429196672525229 24.764426659067087
24.986916015580832 24.83710119190437 24.783520856233004 24.098645565892898 24.603819750675065 23.835881442613776 24.691631935752209 26.461937345214256 23.743162549182749 24.563808104644504 27.203700898803582 25.732404027198509 26.844541206880468 24.846739290189962 27.247321335711987 26.3443650111337 23.328271493138605 23.014202362012259 27.385477573634162 23.919972894440104 24.025995840920412 24.647637397281532 23.959474614279117 23.410482484695805 26.837579180803598 25.183209731495793 26.745202863541881 26.242100975909388 24.494000142068476 23.106206162172882 23.94123715488244 23.819485411904427 27.672912047971742 24.573702234305223 25.783616254880634 25.947520650421904 20.185612593064782 22.108153247690701 25.039612660311619 24.390280602817107 25.616056642932509 24.991653003366679 27.234349127936802 25.175021904457353 26.085705665078681 23.057243805618992 24.546560341860747 24.898025514989751 25.960376355952253 28.533455418408895 23.035307349290743 132.90713850616925 26.431279008127277 25.747377129269168 23.45237624032433 22.180891426223454 27.572802760398002 26.326548793669797 25.029600267957708 24.964386334430955 24.899694013744039 25.56082173589931 23.871714362816064 24.967193195376197 26.855323311477338 23.300007480028228 26.930205711433473 22.96340701506033 22.502728541193314 27.396129458212087 27.443977662767608 25.647132685613723 21.932160967755902 24.597148266257765 25.966279552088608 25.96404572158599 25.334467732293248 25.959591394910213 22.910564113026389 24.592611398009396 25.307680445120365 25.155183649141112 24.560377480197836 23.272797533318759 21.246663760466195 24.603966108359511 23.343417673305677 25.838098601801615 25.667877231797686 25.04158563588976 25.016145580873051 22.930553745693832 25.861872002508612 22.614513385877444 21.269808067268269 22.359850858458632 25.028966029359157 27.417154786708746 23.59116205004095 26.091628065370109
25.881252521228848 25.560194603502445 26.348685110842673 23.378109683327953 25.105007722228681 22.218820882186666 23.503388161726363 25.870728388168644 25.917923564608543 24.905853704312381 26.76660350421518 27.420195215175877 27.166629602701128 27.060237141329498 27.361446259851498 26.848925574228666 21.559656864949158 25.778003297503336 28.485316074651053 23.988342922041216 23.277698642889689 25.369543779389382 24.452659437704796 25.571573575954464 27.061049151394545 26.200243125928843 26.722686956432991 27.187671076053508 25.915007341915246 23.916630935339992 24.911065840576271 25.61122458851419 26.423658302181668 23.322611503059086 26.649874152622868 26.153122169515274 20.809268959661647 22.769774351697855 26.713033521773049 25.692743604890072 27.450128892165452 24.745643830584452 27.945088345941056 24.953724916784999 26.472003925977162 25.029523152381483 24.987573066000667 25.044265296968007 27.155498804731057 28.788538209488575 23.709119190077093 26.431279008127277 133.78560031656792 25.807942129498919 25.738625315149044 23.703698309263007 27.061215935570949 25.59598403671783 25.410703634006868 24.326075204158862 23.710273127365934 25.743319429934754 25.934163763254229 26.008964138425831 27.719909579544254 23.97092846919448 27.669209115752455 24.088885027819408 24.591590527763223 27.135938475101195 24.235452063541889 25.842540412441505 19.734497645754239 25.926638539662051 26.169705069499145 25.62572045407406 26.654247950081288 26.938271001392231 24.945171638745453 24.69199949208031 25.451551295680442 25.294998548230168 25.060026876269301 24.45912655005742 22.767777686946111 25.328233848924686 22.170473248785793 27.742667563803412 27.569880259943687 24.822548852948508 25.627562786401626 26.2958129709817 26.208700297132612 24.291829794705244 23.174786016374231 23.414508899111215 24.911560445591324 28.074975732160656 25.228751855448692 26.111518986998146
23.66046548964475 25.628903254873375 25.405231196547607 23.904865829839675 25.974651979769767 23.260923718793968 23.482693888917918 25.923957912084521 25.098022536070641 25.701117815240206 25.609795467891175 26.638909886590064 28.215642118905407 25.52588800983764 26.307973379791139 26.045163354026769 21.523865203479527 27.270611379498035 27.206731638331586 23.38275473962608 25.586790101689342 25.14087703132585 24.52897833390325 24.859806554352001 28.487689238470299 25.502135278301065 27.332180729840289 27.449278813224137 26.719500450257183 24.057082728031329 23.71797615737643 26.407366362229848 27.919470913552853 24.023785074680287 27.382473795736285 26.202715677884797 21.519604705809531 24.677435538084755 28.445506833446842 25.781058490947881 25.748568097189914 26.028343290080034 28.335768877381902 27.083542304092191 26.955784124670092 24.918090201744139 23.238504807640613 26.528752028958387 26.787482198147721 28.088633284572015 24.385367908441097 25.747377129269168 25.807942129498919 134.82645991179268 25.841084488212577 23.780278574644477 26.096759362189683 25.124582854679382 23.479624416848647 25.852983011281026 27.765010210109985 25.507701310525192 25.585459641440387 27.483889487768703 28.585915126415831 22.360381361680101 27.369982513342261 22.82083133892607 22.547789154210616 27.223446733240582 27.701064420774507 26.150125660242985 21.842443004789374 25.560523607092794 26.206125229332581 24.946156539933266 25.162656972098173 26.925426916419188 25.547607290329065 24.756317649963009 26.198955290769636 26.302198187260114 25.348260994184198 26.170792946558397 24.733425521099349 25.807258358536966 24.817657932673516 28.46134640698082 25.243561384176008 23.799099533185949 26.014810572713507 25.305905954958391 25.35639099198276 24.260186507061945 22.862847626892638 24.771370386793475 26.918135326724286 27.107766097658725 25.364013773685755 26.573978919176874
23.502767281959127 24.264882524755244 27.014663943030747 23.176095132027083 26.423814542567158 22.672169909096379 23.580246234857061 25.667376250500222 25.30869412741319 24.197139161891503 26.412326915358687 25.527995185176891 26.643054510500345 26.49844873813937 25.921699277623208 27.261364063970724 21.617246682943378 27.617150317068578 26.661518250724193 23.047360506005422 23.114190945261786 24.946338220554026 23.074255679220958 24.748717324293125 26.826244832775796 24.932752968663294 26.449001334699364 26.131906238722262 26.443022818313036 23.237036791011136 23.909279999933467 24.060295164314077 25.70598864757179 22.077447775962831 26.137388741110765 25.846981873565653 22.237458507592017 22.349093298484792 27.784814421661441 25.426733820604028 26.03687248637311 24.519627512117641 26.121885163565562 24.619970365926918 26.301810116897737 25.248999881951075 24.733982361048984 25.89464035361949 27.065653852589961 26.796178414018396 23.973534509609255 23.45237624032433 25.738625315149044 25.841084488212577 132.8350900575673 23.461258642224429 26.725679051700439 25.172525769208445 22.947640395053153 24.849646590928934 24.346432932888032 25.602895765308947 26.056244312335284 27.031452025992905 27.045376757219099 21.511316877896927 24.98356650351537 22.006593280376233 22.386569050593497 27.018579070405949 25.293247928244337 23.881257095193021 20.821790769037225 22.840664206168707 26.362750234880437 24.936378961002216 25.764513774028639 25.968025011867926 25.019029121881044 25.607506113664378 25.097509299737567 24.329569980287754 25.906298422647478 25.518318396803501 22.701826696555969 24.275628707644497 23.217761007692037 26.551423280922791 27.517996716554549 23.529840238217705 23.581670922137516 24.669420799390938 25.633278744868967 24.636933093188375 24.392270885470907 23.939840891839967 22.77465060601709 27.041093122437154 24.206783057230567 25.704667353109251
24.216499617392842 25.214142099565297 24.32076840202782 25.025224978990742 25.180204228791588 21.018471081251558 22.230807592544288 22.182615101772338 25.525052471720429 23.496314284010879 25.03087600162063 23.63134768059497 24.969141745944011 23.969513815206728 25.071106952196775 24.274656402198925 21.127622835030621 23.085094378667655 26.918318944670599 22.484618176155685 22.418196622186805 25.622609693378678 24.109345170629517 22.842424775217648 26.250650932916283 23.543571723229466 25.61468105774026 23.929966152173545 22.79035131836638 23.632589037402123 23.331599407420818 25.468516959109525 24.630112507983682 22.231594003689263 23.956896707799025 24.748018822912304 21.15466636576922 21.081018687741931 25.672916108847641 22.978754437997139 24.007977971061493 22.793451592658926 26.743794337522996 23.384760816181441 25.144287676953265 22.199216904169418 21.901664879403146 22.546323475183215 24.762374584678344 28.430303544176432 21.997207244935986 22.180891426223454 23.703698309263007 23.780278574644477 23.461258642224429 131.32092836533431 25.4813174907929 23.390698227281622 22.514466252861776 23.838427016482175 22.732648897921244 25.087670268992653 24.843168769783009 22.871886451599099 25.989418810774147 20.702265793556172 24.225679443724029 23.133455705106549 23.393685058905071 25.141610606543068 26.552730954399287 25.41901046352768 20.751060430139511 22.625963458289696 24.569876597686321 23.533675536533405 23.560821816912689 23.899184890043454 21.714296467866561 22.507603247352623 23.8342197353331 23.620896992206369 22.71251518222989 23.952491671727017 21.552509249637954 24.090487849109891 22.817429644179921 25.265046943910054 26.328444869784175 22.452452183748075 23.832858910475757 23.765065891696445 23.849062502371826 22.312100407815777 23.278036832812116 23.920419927515688 24.468306010523619 25.914170714739488 23.346918768655705 23.983833278585454
27.616540636630138 27.938485816282114 26.771287053113888 25.84760475985242 27.746386606337975 24.681525114548652 25.604176078128891 26.90021676522446 26.648100897133961 27.575786595761539 29.489438203339006 27.808175661755168 29.057146992293916 27.613337695296948 29.006258767355476 27.506371997671664 25.483804437632017 26.461235225246583 29.874615144659856 25.168713877296749 24.350927689971744 27.240828967371922 25.736547020920334 25.909028007561123 30.653296750032201 27.697070113928209 28.78662638189159 28.885155691553319 27.307997459712283 24.668613765229058 26.300792959273718 26.917256459677866 27.580133198648696 25.090425090148294 27.622034263942542 27.983555680469234 22.38768090555444 24.508978652884405 30.540266711330396 26.160831702868695 27.520802743040363 27.828534425506067 29.68317248518898 26.455871709872916 28.061901048342623 25.333469292836288 26.831422161733506 28.528353865737941 28.814091764264848 31.063827041746389 25.119280627678851 27.572802760398002 27.061215935570949 26.096759362189683 26.725679051700439 25.4813174907929 136.70088139474979 26.686181266463979 24.888589879526979 27.302017448519774 26.360046671191814 27.731317575400837 27.571453685366123 25.529900081054336 27.497095094994577 23.750103402842104 28.685157359492035 24.072750613360913 24.787260327320393 28.540721283281876 28.921878466623664 26.984191502963572 22.762516330207969 26.018502656800596 28.454613285233446 27.173342079352878 26.56494522066976 27.46897961551073 25.086124629267498 26.922109165310168 27.985845447051787 27.250278153021519 26.821441664155973 26.988434688441135 24.392280692440195 26.676712487345437 25.997094321836013 28.901578734927213 30.435402560267097 26.247410829977721 27.338898815875538 27.254187055097884 27.964766627935287 24.684616810622789 25.596748854378177 26.005108580949372 25.4211231554291 27.593868245762149 25.656113270654377 27.222932755201395
27.247834402189543 26.657092302080386 26.931389763664882 24.239245559915492 27.14354887215131 25.243148740855215 24.613950987685044 25.721537899302284 25.190953746473387 27.032015130706725 27.475274197588671 26.097846451010493 25.221866860393732 27.52800918528872 26.354954853514574 27.486138614356012 21.654572537016339 25.562154752280755 27.156498537734873 24.531099860702991 25.664733910062186 25.633349502182742 25.732346999524584 24.944533763929066 27.794483295246273 27.199840746302961 27.151778333714947 26.009855274039328 25.371612327678399 25.151213724026757 22.838331200311199 26.339421183493794 26.869636401306082 24.534707453126636 26.863152266373 26.502258248772364 20.876158302974996 23.78220120274036 26.314609144034304 25.066856601320328 27.891138855308544 26.30263454627379 27.687186900148291 26.249300302163796 27.915061490171656 24.462497039873973 24.677893919552453 26.269458385497568 27.57012721804049 29.441388250300555 25.470072717676146 26.326548793669797 25.59598403671783 25.124582854679382 25.172525769208445 23.390698227281622 26.686181266463979 134.82023487973615 24.424481366699247 25.658672910523091 25.040954886218771 26.413007287139724 27.333238755838234 25.730598784374422 28.832896569147486 22.812191831551718 26.867177861815229 24.337938001532574 22.013666332531411 28.787820067507159 28.293134880950142 26.110924164770349 21.660127221296214 26.840721244125273 27.775728566767146 26.84066523481232 26.80583552341799 27.521690882851846 25.190710004678348 26.005730002847365 26.20630161381267 24.311403309560458 24.809399285429009 25.12534064249213 25.27337872377004 24.641960860090926 23.79760143752571 26.552276006825668 28.386479344907013 26.556633112693547 25.910785478018926 24.127603211615714 27.791701123017173 24.149999455728221 25.109347622679877 24.36337405772419 25.343626431116405 27.574756709582282 26.917267608183948 27.1483211731042
24.239185585602524 22.694126510775131 24.672906950415186 23.163805616369824 23.650847105648541 21.348251851929149 22.386158613640237 23.333535865973118 24.131632710855289 24.629048313734504 25.450337955733747 24.475759875356175 23.663695551149676 23.851271021217279 25.36179284219811 25.532227939947735 20.290042467397658 23.014301280294397 25.872243390695861 20.912823054248776 22.403987308817889 23.742449454479136 23.446674219322748 21.595064125846008 24.207130216762511 24.191598327610695 25.628424506047548 24.526767547411549 24.659723251079424 23.359503246291812 22.929399213947146 22.072615070525362 25.597869513911743 23.702908306106057 23.851412184039262 23.861252314779946 20.35601691987436 21.993164853498968 27.213686132655234 23.959539668539982 26.234134995473092 22.228766740002047 27.382489378778079 23.105346386298066 26.036669441604602 23.015709526168649 22.573197920232612 23.562191607917033 26.392182884077318 26.9952485354872 21.935302410166052 25.029600267957708 25.410703634006868 23.479624416848647 22.947640395053153 22.514466252861776 24.888589879526979 24.424481366699247 131.487251215301 24.26788016870896 22.066787588976055 23.922007153109458 24.750902794992001 23.390545400591158 23.153508618821117 22.536667901150697 24.63750098428228 22.074964838845602 21.70782188256722 25.89685797987574 23.324585970398001 24.269276731250113 17.889080499326873 24.779104368983862 24.15218400635386 23.613410071153734 23.906913998000032 25.211737471709128 21.687265058972141 24.215423399949131 23.049318465620857 23.59625390032469 23.244378717298183 22.994940349523649 21.961046134692364 24.001807250322031 22.301386754666961 23.347950252149708 25.084081538653457 24.686099697484675 25.041395682872647 23.287499180359763 24.342057233383922 23.352856268124196 23.965543896624876 23.062272416742974 23.180946787892054 25.933305437780938 24.725592314803102 24.824352992424782
24.686405928286355 26.533209745729771 25.342180308618925 23.939849731393434 26.245303983939642 23.873941337740167 23.676911090641386 24.834581961798673 25.59633709259035 25.833304171316314 26.227400244810326 26.663987964258457 26.303271889377111 25.845266393736114 26.165058549344945 26.29644519317894 21.784298865000309 25.988282644139396 28.120722293897295 23.230023913143807 22.501960955457594 24.661141037680871 24.534763091012309 25.849598072674485 28.628273058065862 26.007158688326282 27.849896576690021 25.334147886521812 25.602422601711851 26.106385767472055 24.311805932871604 24.97704322355554 28.617171350774907 25.746746300319693 26.943486175660226 26.097294860417694 22.51274842451414 22.504668653688832 28.163492452494047 25.240729124616756 25.911291719251416 24.239289193607121 27.266762742107105 25.195888631224229 28.070951752068122 24.400431239565151 25.220311813182867 26.980451133871277 26.598453246480748 29.091350013858861 22.865112651858723 24.964386334430955 24.326075204158862 25.852983011281026 24.849646590928934 23.838427016482175 27.302017448519774 25.658672910523091 24.26788016870896 135.04268919864282 27.068567209344149 26.215590099240103 25.288548563664811 26.287666180650437 26.84668849608715 22.477380457471732 25.687772084162177 21.638326316632387 21.382269532014295 28.607325000031953 26.953181272933708 25.169582360831644 20.06963348790433 24.567489232239705 26.791009426255414 24.100930982549716 25.856443326651284 26.736042844817423 23.473146435861448 23.095877977757254 24.720369799719982 24.705805427947165 26.128143754501735 25.771494620055556 23.269623214597207 24.58197015512685 24.100527568028479 26.263760771681337 27.666939808402642 23.813822315701319 25.708775510192105 23.298955988530764 25.971154497293387 23.67095636944202 23.683184738389773 25.512996420279684 22.920802066643994 27.986399570343441 26.579682350487168 25.184857678184144
23.541560172577171 25.832184936368552 24.847333990614342 24.220398618909464 25.084040441529243 23.27277007130019 23.617241178351019 26.549833838299513 25.092556643327754 25.555264731339559 26.416544367839119 27.231867978474583 28.016322649075146 25.419449125636998 26.733645759291512 26.64778323972525 21.340016677988178 25.375097371653425 25.837485626603229 23.738574327678993 24.887515249674642 26.088847910000212 23.494432690341682 25.715329044431307 28.761784556882283 26.324231641954974 27.48125974434296 26.306712690935129 25.77263373334139 25.461644481361748 24.082789429547908 26.702325108151264 27.440315892289291 23.995061519477826 26.141665889069262 24.713854644964034 20.711944514175663 23.53582018802496 25.793325132844242 25.476063696565411 24.92310311950439 24.24855033820047 26.639328684323011 26.717445947202616 26.306020050222134 24.363637732430931 25.174454913919185 26.292002730945185 26.380644282937801 28.448184643648201 24.529632588539791 24.899694013744039 23.710273127365934 27.765010210109985 24.346432932888032 22.732648897921244 26.360046671191814 25.040954886218771 22.066787588976055 27.068567209344149 133.92682523492337 27.121928159878124 24.908409508686415 24.177463568908152 26.398472267921665 23.649014674223018 25.726644915203423 22.02011384484511 22.390246999268236 28.371844270724562 27.129754359725005 25.669983980582469 21.037418295201952 24.495899944432441 26.514806915389524 24.200834944340567 24.900687545039766 27.381511294985401 25.229855405745795 23.960554314751981 24.97621301191997 24.976433647049475 26.894586668380647 25.011741327394507 22.320579633139548 24.718758313986761 24.807306494031927 28.02183508064762 25.638990236888144 24.902401688081024 24.399764633130641 24.042890624262782 25.58665773761814 24.543661115516738 24.170491893432249 26.295628604108259 24.256111820721795 28.753615060169896 24.794837602216138 26.844222535035502
25.364611232755326 26.562312840918914 26.709959227020441 24.366531018155726 25.457984573387595 23.781180151551389 24.067892366994247 26.650966893953491 27.073449544178072 25.410847313320854 26.083870188658111 26.693231311420739 28.074885897196083 27.85128119382718 27.549855809237521 28.049412751778142 24.095907758749522 25.269461205426733 28.667450609235267 24.49468576988447 24.207813917520863 27.109733253817634 25.574720810307586 24.953704950553405 27.667107290210076 26.700272305279235 28.381881076551633 26.174090457351415 25.970137042405025 24.647784709468688 26.193303713492021 27.116124189774542 25.548788569393402 24.232712161177044 27.438557083728892 26.882781272613943 21.457954865160989 23.583056158560687 27.460316340575588 24.99275812816391 26.23103615131064 26.663801422236446 27.338938428640198 27.234347057849224 28.805612268190718 24.424118639270457 25.564797494807141 25.656437158465909 27.470009585501714 31.243995129296781 25.730430074597798 25.56082173589931 25.743319429934754 25.507701310525192 25.602895765308947 25.087670268992653 27.731317575400837 26.413007287139724 23.922007153109458 26.215590099240103 27.121928159878124 134.84920566907866 25.976116694729441 24.400713003485098 29.024112365242427 23.934224656507936 27.351217949572252 24.074709660056573 22.540876217465456 27.643427266499764 28.235133852345481 26.761802140663743 21.902198030918306 24.439654379918018 26.78288833174522 25.319026685930346 25.950528965378915 30.201696455758615 25.045417628525247 26.038877611047123 26.158058849284103 25.571118115190977 24.575462063562494 25.737718191148623 23.61033074295829 25.451434062350714 23.608746873851157 26.849242804268005 28.607264607604485 24.636197506682667 24.574774856960108 24.847534572240175 26.489923129696759 24.817644593609362 24.929048447872983 24.630426574324158 25.48107181383104 28.970830295717324 26.660055577984188 27.031488849466008
27.713340731051726 25.027571232841893 26.90891070252701 23.605309232940559 28.039401209789272 23.241283963840701 24.495638712501204 24.91324452996998 24.920196896779146 24.968109006882067 25.970834295542467 26.727565604497631 26.271646408021663 26.670116240843431 27.970535058272105 27.414149515170369 20.454523696297056 25.882173002858419 29.185092607111031 24.574768191656172 25.863209318472983 26.664551091796444 23.280320056247906 25.149980113904288 27.773751057161817 27.261345145142251 28.196200780798286 27.4681665088637 26.810979969140615 23.771405908592982 25.133202167888108 27.791462666313247 28.118916547050954 25.616636371347635 26.490316027643139 24.628991544230008 23.242956157909564 25.068739158392678 29.537449969235574 26.604264911921668 28.574894599384372 25.543679971821419 27.17692228574569 25.457185693017376 28.317237614715467 23.768674938129905 25.366671137715379 26.525527563508508 27.331815282790565 30.860936120822977 25.250641171300348 23.871714362816064 25.934163763254229 25.585459641440387 26.056244312335284 24.843168769783009 27.571453685366123 27.333238755838234 24.750902794992001 25.288548563664811 24.908409508686415 25.976116694729441 135.68611712408585 25.972640325586358 27.963157100392298 21.685397161104806 26.261295814466241 23.40312869954834 22.126780266545307 28.6000947628715 29.277945798630313 26.96974142393233 22.542288137367706 25.379692350201228 27.027343844815412 25.753650776002509 27.608777049172986 28.164315331723973 25.317855457811092 26.011735125864771 27.563480592552558 25.118382452446689 24.606694133331828 25.298813925209945 25.268538152261659 26.294997004277292 24.073489931486925 27.063856882682899 27.526551726178308 26.190208430114073 26.277255319108956 26.254025026247604 28.244509534220569 25.12527343788971 25.653290896214923 26.302761023065703 25.379137389158828 28.525647360241148 26.445497861999382 27.166441260229035
24.757105749163955 24.104937527768563 27.10289376951237 23.206722425792222 26.67823326645529 23.584307545629123 22.957389968082005 24.42602081196226 25.615388920595421 25.493458809403617 25.937220052257675 26.705825878351376 26.688766680839787 24.189946309364242 27.211911789902747 25.752829006389319 20.560804948659989 26.094079795009453 27.768202669113911 23.303156985462607 24.30926150334577 24.685822425817484 23.724910376746056 24.298257903658776 27.433306918186638 25.226121741902823 27.855982668685328 25.21800403864297 24.593330622366107 23.721038796644862 23.274402674805852 25.34717464241476 28.285090607384191 24.347848780177678 26.442347522741212 27.451013849006259 20.880723570832394 21.460377335635496 28.217920036485548 25.346255337825578 25.632004481459155 23.843437140656505 26.947923654815995 25.840466793493121 25.676251839341639 25.199361711935541 22.892204011682384 25.326177508719486 25.792694152627046 27.98575572465155 22.36796899351928 24.967193195376197 26.008964138425831 27.483889487768703 27.031452025992905 22.871886451599099 25.529900081054336 25.730598784374422 23.390545400591158 26.287666180650437 24.177463568908152 24.400713003485098 25.972640325586358 133.21360333287359 28.036396283925502 21.009674780034569 26.635143598306872 21.553388817647154 22.723695726037381 26.522720618875645 27.55258764571829 25.162838556127859 20.196529205042218 25.410083449588921 24.891513351656627 23.861472904537571 25.005043956892045 25.682090950195011 23.667719640959728 23.902788924565403 24.833431226562773 24.528184840876683 23.957536369134324 25.032524141078593 26.075035133237769 23.494541049322041 24.531782898084316 25.452901528631362 28.193757888671307 24.462592467300475 23.610667757697364 25.115091923992779 24.91108858926405 23.282686171059453 23.912361458289137 22.536455503858239 23.637335457901411 27.048058292412513 25.27918557340076 25.341504313929583
27.442612660025251 27.772696368542 28.529853935975943 27.186859730459837 28.34664860577303 27.027663102640318 24.764695187425172 26.462265771131491 26.686423431906935 26.586934061859012 26.11756823477814 28.092447841304548 28.033110734063779 28.774344893765619 28.548781597395148 28.811478015427795 23.909709978722226 27.998713603903624 30.450279355220971 24.929635451222399 27.651943313780006 27.223081231790616 27.288528490764918 26.237522054390052 29.616439228805092 27.840111366124994 29.476524211966883 27.978998607680992 26.689810415169902 25.913742793355418 25.304722248598502 27.209720812819853 27.392978728401626 25.183946442351125 29.369093264174463 28.909266063820734 23.796539046559271 25.716282044628361 27.700283079341432 27.168668041304869 28.577819798904184 26.615627282081594 29.423565431609752 29.304628626286124 28.165904167907851 25.364385427037444 26.362363549688517 28.40867238200336 27.137322279727837 30.748835794966983 26.030354750188586 26.855323311477338 27.719909579544254 28.585915126415831 27.045376757219099 25.989418810774147 27.497095094994577 28.832896569147486 23.153508618821117 26.84668849608715 26.398472267921665 29.024112365242427 27.963157100392298 28.036396283925502 139.04321878753021 25.551919643982842 30.276298924843619 27.154532135874678 24.059929452807463 27.925242779462067 30.037500989938259 27.887478971400775 24.928687161769925 28.103423748562538 29.450383032512715 28.904413240348255 27.714402286133375 27.62901966213785 27.921416303875592 26.573062431156487 28.215202347506207 26.672309666478316 25.718998262449912 25.539098906788659 24.90022527481641 28.215125991473165 25.92251743462155 29.473485170651699 29.670891585406526 25.097554056990372 25.5074986616589 27.050679515817389 27.303886365975494 25.008302107298281 25.192795929266676 23.933524362307963 27.636717154275228 31.108921292164695 26.847129185769141 27.362311989102743
22.415032679795146 21.830189757926384 24.419141397949065 21.712581706305258 22.775429801606609 21.146944692300746 21.938990382944095 23.004406753907066 22.971247543330879 21.692069094815249 23.337844172967518 23.112535956863585 23.34343385137743 24.229120908376526 24.116284567403877 24.333457500570475 19.995423181754532 21.789297219723888 23.604118666479568 19.842919027286921 21.981786847180398 21.925340472878098 22.305392477250667 22.341051553687389 23.177048646117118 23.153855888182594 25.171736907001517 22.768923480890397 22.553171528552515 22.343109382010379 20.897176721054326 21.192345973735346 23.652921058322477 21.394066407821299 24.699754904167929 23.259588888945554 19.416792573069245 21.06832489005215 22.378404372811893 23.650723089086725 23.265509668054989 22.363104604946866 25.399951105610281 24.393998497441682 22.719698904292621 22.359010240835648 22.36066172784782 22.926244574179908 23.714136444902941 25.722993655297699 21.425917880866621 23.300007480028228 23.97092846919448 22.360381361680101 21.511316877896927 20.702265793556172 23.750103402842104 22.812191831551718 22.536667901150697 22.477380457471732 23.649014674223018 23.934224656507936 21.685397161104806 21.009674780034569 25.551919643982842 128.03218161436089 24.633637611437859 20.729757807902509 21.209012366707736 23.19518194732936 21.949815879377223 23.313503112033075 18.933202124548124 24.069553588647281 24.062295287243852 22.941197866639804 23.099908546341318 23.762790537192384 22.031746656282358 22.212296166989496 23.2225209558781 22.920555886031828 22.520963483800333 21.889103295533786 19.148172607661802 21.405815865343865 22.335114554994192 23.72560932429225 25.277676080324056 22.362737725082358 23.381963045708222 21.035627441811975 22.884882057959896 20.729201952693572 20.726502404390931 21.273777826147676 21.920388944951867 24.854997293470763 22.871443852784527 23.570799994958435
27.408376954415566 27.038756992945068 26.165004544401768 25.969065838250025 25.788747911686237 24.96274387013753 24.647268334447276 26.927037055786759 27.49591313160213 26.128763376179794 25.799134771742082 26.282210812906534 28.081275536186514 28.456429931428755 27.20728982304114 27.661724354230337 23.509135277978974 26.462467724734299 29.593486455749051 24.467409489454631 25.079449866213345 26.41058321867747 26.421089421601774 27.214768512906744 28.856823953115949 27.472896360162082 29.156488872782472 28.407980188380563 26.96798940666763 25.419309027494844 25.222199364940561 25.284011206528696 26.795227475888424 25.571531114471764 28.600849287499116 28.155290830599505 21.443601838018669 25.405452108887097 29.116058036804326 26.475048126406509 28.433569167674381 27.21504512859843 28.175110992699157 26.337459830012623 28.488378745455506 25.11677169690207 26.238736452370198 27.122380459921498 26.941643062551204 31.09634076163649 26.248520446291522 26.930205711433473 27.669209115752455 27.369982513342261 24.98356650351537 24.225679443724029 28.685157359492035 26.867177861815229 24.63750098428228 25.687772084162177 25.726644915203423 27.351217949572252 26.261295814466241 26.635143598306872 30.276298924843619 24.633637611437859 136.02941502835358 24.573245552405897 23.798775061585005 28.30403376106872 28.949013764127638 28.115326552386069 22.37463120066143 25.962014054118391 26.359942544491449 25.578863613866275 27.142301922358271 27.910520863183116 25.936649612060545 24.556906832182108 26.812328701685257 27.116400520323303 25.24890530430125 26.61831296998341 24.864909861564026 27.249456982423862 25.063559833657866 28.688314853358388 28.898641224598453 26.122323214174365 25.969490244657699 26.651649024771711 25.914856552190713 24.520939498582518 24.025353937004965 23.631882901856997 26.484304027493184 27.989483517398494 26.637346326134534 27.76669302151975
26.02926138030907 23.162532469374199 23.42560670494661 24.6495456231495 23.292587383602882 22.443398860646777 21.623629685041298 23.086290216570919 23.875255726919459 22.889009611829039 23.942385796141814 22.717906361614968 23.537685177966512 24.134119840427399 25.037665767583832 24.185478829200605 21.535345503055609 21.133216606477848 26.278955114779095 20.301941995139543 21.997467623049079 24.038122044856419 22.740868745600615 22.117142016759974 25.061301409786342 23.064926307284029 25.575934053693274 24.844653633029296 23.861676861192553 23.32869567179441 22.84314068507085 23.067240041974788 23.4307911720853 21.688618965711836 24.21108295205746 23.814283804663731 19.574591221396911 21.706152680402589 25.529444164584554 22.088260566019354 24.310966470780425 22.567328619045849 25.245217313123081 22.863989402230789 24.199969180562103 20.508187254612086 23.806318412700808 24.883695840444066 24.709605252174232 26.55783067756704 21.708754141985413 22.96340701506033 24.088885027819408 22.82083133892607 22.006593280376233 23.133455705106549 24.072750613360913 24.337938001532574 22.074964838845602 21.638326316632387 22.02011384484511 24.074709660056573 23.40312869954834 21.553388817647154 27.154532135874678 20.729757807902509 24.573245552405897 130.7472407387821 20.979790143469359 25.771513208847391 25.677680332274726 24.253966491891781 20.372759879456815 22.347730856308175 25.702340579056223 23.326612595597126 21.439499967324764 25.833386965895514 24.348716404862223 22.431710967493572 24.393250948807726 25.635114915845847 22.250459728844074 22.516287215104718 20.457849533819569 24.322802911270117 21.423771060173735 24.976522193757386 25.390434662274583 22.125082585478104 22.802593708772097 22.882661847146153 24.770958304343253 23.316485017508327 21.472192797645473 22.195134274080655 24.779394196565004 27.592189573981667 22.70216259948484 23.41457686926185
23.520691983823564 23.63975027582493 23.894544902552287 21.654880786508471 22.329329337083838 19.863207025364908 21.767473133335695 21.873473461715452 24.128758323823643 23.725982432265052 24.293758686224844 23.034446653001869 25.864075447042271 23.134546587184484 24.35447118970486 22.172071121197124 21.518145523214272 22.917454644263252 24.778797498855202 21.353461010863693 21.101591727830346 23.581126964120898 21.753894961191879 22.941765570541875 24.933235332980431 22.823574150909106 24.090752062833904 22.861592209021897 22.818624553132754 22.432667839101846 21.925681553119755 23.445209171663869 23.767289465114974 20.575980408792748 22.538057756598125 23.978717606609514 19.894218605979948 19.354567404334173 23.324668659947278 21.76790552036692 23.799608147462394 22.10840295960956 25.14117455798559 22.888431181425528 23.34276359557823 20.86105128915797 19.222372352155123 22.799419150986342 23.323785444870992 25.98589721348533 22.240284787906997 22.502728541193314 24.591590527763223 22.547789154210616 22.386569050593497 23.393685058905071 24.787260327320393 22.013666332531411 21.70782188256722 21.382269532014295 22.390246999268236 22.540876217465456 22.126780266545307 22.723695726037381 24.059929452807463 21.209012366707736 23.798775061585005 20.979790143469359 127.86135780200044 22.838872910634688 22.62487660924733 23.232456411662671 19.930785886090543 22.817105151907263 23.591271110386483 22.083305601631491 21.934979352729268 22.915040065447847 21.238918619165393 21.435213426370304 21.339429750805014 24.115911984494623 21.963341543423279 23.163900884801816 20.32500111399327 22.131936538953383 22.083408428467319 24.600949649645052 25.652460649321 23.094669310112504 22.269368041766448 22.889708960990124 22.135973745063936 21.453632964336336 22.29559258238832 22.820723084615366 21.520132628371879 25.377716689720007 22.093727069324135 22.446907040735905
28.638472067633717 29.108817208907816 27.16619567476776 25.822819505331498 28.82000294416439 25.624507720861882 25.833754241851167 28.292548149387631 28.559515424221459 28.966062913191326 28.197234868319693 26.44856741796827 28.055313944473781 27.317607833078497 28.284675372645403 29.107345486260925 24.094920626358402 27.303331236145358 28.606390956836464 26.697645223961331 25.738500588598349 28.357944256612949 26.216639140480638 28.10310185882436 30.537965997635201 26.931919790563818 28.819318373005814 27.779209760205159 26.824741589135769 27.413368605752456 25.240294532781093 28.0133712493496 29.790567022085739 25.777534988675036 27.441276741149309 27.254660196689812 23.320379821748208 24.547239178890784 29.920643277096804 27.775929415963642 27.878109265192528 26.503738401004689 29.61266917934114 25.782945211926791 29.37038337889636 25.201149289168644 27.628839889140224 27.746456358664794 28.355645858902445 31.971256271481359 26.262257025800686 27.396129458212087 27.135938475101195 27.223446733240582 27.018579070405949 25.141610606543068 28.540721283281876 28.787820067507159 25.89685797987574 28.607325000031953 28.371844270724562 27.643427266499764 28.6000947628715 26.522720618875645 27.925242779462067 23.19518194732936 28.30403376106872 25.771513208847391 22.838872910634688 137.23011066298056 30.263773142544323 27.713595054344008 22.743010044427468 26.274546166124374 28.362195552912858 27.977550731881319 27.207591151006469 30.148919794694013 26.657413898767214 27.487561777982993 27.444245848286617 27.443658260706769 28.837304487746277 27.16507109481455 26.377250040672646 26.440122974820699 25.579840484412713 29.297550362246771 29.728240049249177 27.564871287985046 27.486186514141146 27.647800168976676 29.141138932172417 26.767768405277227 25.46479772751216 28.06794320743311 27.210107818548359 30.530560843574325 27.699083604773282 27.346781245249165
26.587206870134718 27.407587460324528 25.637806971549697 26.413832212773233 28.306915687693298 24.98721461010545 26.287294630989336 26.114382191210204 27.340622759175474 25.695751449197918 26.930764937031594 24.831195011695165 27.222539467608083 28.392926036471483 28.901613313292838 28.829201692662789 23.37216153282035 25.772376883087698 29.985479485657731 26.338007858213807 25.871757463877067 28.3500402602638 26.67442953240948 25.603344184629769 27.847202659095366 27.794886374462983 30.021575852757071 27.439938936771842 27.215214463277142 25.721415724690154 26.670948459402485 28.399132924962466 29.007733684885853 25.7328759197705 27.761768642690285 27.745340844622113 22.869235109432591 24.623404396811917 29.247293971731416 25.614294869073191 27.134076857570047 26.812156827287655 27.995209241072349 26.94873129166514 28.450039645699576 24.633724739562748 24.636884803474711 27.168057360187554 27.472583539866822 30.946855792846065 26.251492652207979 27.443977662767608 24.235452063541889 27.701064420774507 25.293247928244337 26.552730954399287 28.921878466623664 28.293134880950142 23.324585970398001 26.953181272933708 27.129754359725005 28.235133852345481 29.277945798630313 27.55258764571829 30.037500989938259 21.949815879377223 28.949013764127638 25.677680332274726 22.62487660924733 30.263773142544323 138.61846996378483 27.549770996414207 23.535647795656878 25.396880617118654 28.041483441216482 27.590413032727788 27.071614170022077 28.738511524989224 25.581953700825721 25.64236917410939 27.48321501832363 25.792305387471099 25.873398894132571 26.298582503990314 25.49687051960554 27.224731825382737 27.029494290849563 27.832601792807274 28.898492929645187 27.128780784618872 26.115352185295841 25.756513181412004 26.908922667430961 24.252961816231235 25.637202346774629 26.228427951831851 27.70136401994937 28.875427963645059 26.383786360151905 28.031265464417885
27.84718541449632 25.804076787746936 27.237627706140533 25.868873959179098 27.113727153423476 25.119902069929182 24.971084472330745 26.529452250126855 26.570901481793399 25.452579774186926 25.622790236337007 25.22730239055424 26.340744159404927 24.293028118430112 25.451686090823618 25.751208678944771 22.878263046902415 24.428676219463021 27.545560568641378 24.259242721770814 26.252187284347045 26.281797406003523 24.056013986424617 25.607667785947307 29.275797460374914 25.951106173409769 28.578852913916656 26.922756794111493 25.931122710939317 25.007394139540235 25.174961013647611 25.577446516904619 27.221952123034679 23.843955001291611 24.943608433711912 26.35898325791451 22.015035756938939 23.604059357461281 26.567432182368758 24.364021963690988 26.600556976792056 27.691269684849136 28.067432886824029 25.770669988027819 28.902048424283077 22.188442969238817 24.647578068065712 24.898727912813932 26.696267531355076 30.641969893970753 24.622091057524649 25.647132685613723 25.842540412441505 26.150125660242985 23.881257095193021 25.41901046352768 26.984191502963572 26.110924164770349 24.269276731250113 25.169582360831644 25.669983980582469 26.761802140663743 26.96974142393233 25.162838556127859 27.887478971400775 23.313503112033075 28.115326552386069 24.253966491891781 23.232456411662671 27.713595054344008 27.549770996414207 134.3866651867732 21.417781158111701 25.694439647362756 27.779307389863423 26.861231123981131 25.001417721078006 27.85957777045801 27.121180429350535 25.658375864819639 25.738050839276749 26.526332129002036 25.945133147398575 26.165220751368679 22.709829420454533 24.133861896784516 25.461929271401399 27.723316136766172 28.797950173990632 24.627259636471393 25.640052170701264 26.738945300514175 26.158425013193526 24.875987214725356 23.472506665179726 25.873561046437935 25.927653294015911 29.788075916428888 27.805905007556625 26.118407113145082
22.472493981291834 21.650413836750172 20.599939652454854 22.19397354635813 22.583991996572109 20.182314224066239 19.229400544172144 22.450123894352725 20.905649876699783 19.853285050187008 22.208178553736239 20.676937825834479 22.978839912026476 22.631372150154156 23.646788355053733 21.677644217399383 19.968816181597884 20.507063735770842 24.266712060867587 19.74753806851837 19.975792485488306 20.381497247750865 21.558558333745992 21.952249682957707 23.343042717721826 21.057866012326375 21.359757785717054 21.588579406077454 21.299189437891322 20.496379762213689 21.650424277717047 21.875388301323081 21.984406064630477 20.973915605829987 21.386081792942413 21.796559556963409 19.546466362821796 20.549711659242337 21.681345820940997 21.305600053377741 23.634479793061683 21.432638106281946 23.60791658325083 23.201635841365331 22.704822383347985 19.988452991313178 21.057539862186914 21.258491929088173 22.346093810799907 25.001446517872264 20.382685113535377 21.932160967755902 19.734497645754239 21.842443004789374 20.821790769037225 20.751060430139511 22.762516330207969 21.660127221296214 17.889080499326873 20.06963348790433 21.037418295201952 21.902198030918306 22.542288137367706 20.196529205042218 24.928687161769925 18.933202124548124 22.37463120066143 20.372759879456815 19.930785886090543 22.743010044427468 23.535647795656878 21.417781158111701 126.75125908747592 21.448817723802055 22.585484344468167 20.810872689936804 21.305922110734794 22.198314019791219 20.80648678511858 21.318844447258225 21.596233756721436 21.606175848978982 20.930119677512529 20.645775082893767 19.389746193904543 19.78477718981398 20.400576771021981 22.900246687198432 23.290298178165923 20.78236926030716 18.596774532097861 19.931627947511586 22.60007481554003 20.083742733164097 19.76309049882914 21.121149245908079 22.154795985455927 24.321198614422169 20.936371788879413 20.414219961338155
26.454719694585194 26.44776546222699 25.7434840382987 25.447395097643511 26.782025244464865 22.627325606177656 22.863764678537109 24.765400414520645 25.618960322460964 25.410803094807562 25.545283753654534 25.359109577807477 26.041745080491264 25.674876186474478 27.188436903896541 24.74629695064484 21.008477075767988 24.758134999413073 28.113888581171743 22.953362276375842 24.165991122185368 23.598929094611634 23.403304395531741 25.22487875073319 27.391580266500643 26.736207820544575 26.947674180652925 24.304963336870813 25.504780820036515 23.912986313261033 24.39878744461684 25.414933707298122 26.718844656472449 22.86585774183775 26.066987834177446 25.808228190590793 20.454603640519199 22.988771650834003 25.605354165036243 25.421634563306863 26.76533341110343 25.174561191847392 28.175636488032488 25.875253686488016 26.279344372514533 24.103753891698048 23.20233555715944 26.476277748388505 25.255743003531268 29.661126850492419 24.043596202416737 24.597148266257765 25.926638539662051 25.560523607092794 22.840664206168707 22.625963458289696 26.018502656800596 26.840721244125273 24.779104368983862 24.567489232239705 24.495899944432441 24.439654379918018 25.379692350201228 25.410083449588921 28.103423748562538 24.069553588647281 25.962014054118391 22.347730856308175 22.817105151907263 26.274546166124374 25.396880617118654 25.694439647362756 21.448817723802055 133.16315118502843 25.901035052125675 24.5194783099147 25.406822089275316 26.142443403699009 24.398978839945311 23.66114518222405 24.780050577486481 24.766860454039559 24.676208137588695 22.690209139067242 24.292549167005703 23.870066594759397 23.989470645715752 27.847232303052504 26.714178629938129 23.500997777477824 25.586955700014229 24.357133557447529 24.668365775424263 24.458917803597611 23.531785335307106 23.580497646578014 24.208650499818972 26.935828260738973 25.395905212152591 25.083274051460499
26.400910354464429 28.140967128383217 26.281597917084504 25.297710626505967 27.893734027783513 25.779657836357963 24.547237303279896 24.919515922988648 25.475475000624602 25.905544674616927 25.083458357848865 28.129628777127159 28.641032817301546 29.027647866696913 27.109114295127149 27.383254882982641 22.289711476189119 27.116086156713042 28.803986311418825 22.964055036679426 24.206118669502239 26.162331353199225 24.845168611983841 25.061976364418346 28.946668455146039 25.26399097524445 29.003447284211905 26.791127923787791 26.581026099014256 24.646394398206141 24.372991692024645 26.227510039142306 27.200079578590501 23.156372823309191 27.655880776280625 27.682780230658157 20.629416851041345 23.661937143634539 27.875242792967377 25.297599242358871 27.43581767979877 25.231041938005234 27.424365197125258 25.201216838551158 26.960107319779318 24.729668148525601 27.246345102477086 26.64285843651292 27.138828776186347 30.145847519107964 24.925327382831146 25.966279552088608 26.169705069499145 26.206125229332581 26.362750234880437 24.569876597686321 28.454613285233446 27.775728566767146 24.15218400635386 26.791009426255414 26.514806915389524 26.78288833174522 27.027343844815412 24.891513351656627 29.450383032512715 24.062295287243852 26.359942544491449 25.702340579056223 23.591271110386483 28.362195552912858 28.041483441216482 27.779307389863423 22.585484344468167 25.901035052125675 135.58304923559658 26.531250394479844 26.054539983708501 29.325776837875694 27.094902285459874 26.524934086437064 27.931510561871015 26.812076410423156 25.859878473561839 27.412520817512508 24.178077169360741 26.317134958980571 25.306960946461839 28.311920793403601 28.360504673119369 26.567621054418847 28.231372738226362 25.343920369808124 27.493359124733193 25.082161146055686 23.073110725026922 27.1284699616699 27.227492405475978 29.597343361844867 26.217117068069818 27.63716846231047
27.79963265235375 24.587864031979574 26.174528123513095 24.656899320049988 26.386349455068974 24.264762003422305 24.352100259654968 26.296505067360368 24.293112700331836 25.053081587615569 25.026072507609758 24.605342923016234 24.94206043535425 24.92423585505864 27.07124796414703 26.590701881070196 22.604562929602515 24.62624910679984 27.100975836247699 23.908921893724379 26.53406122675268 25.776576099329493 25.037999037765484 23.291661657144473 27.503688221118455 26.352992435902411 27.414298279792447 26.435565052216166 25.411543502787726 22.981119342759154 24.574333523804775 25.194349666929593 26.798638242264964 23.041255199545599 23.868684795697188 25.660353424101395 22.43144714159407 22.70817398475188 25.937757564052816 25.817567106171687 26.791136444039893 27.021328055297985 27.824108253864193 26.168672325106101 26.867271426901539 24.257119516235413 24.194462753830749 25.90162985582943 27.07691977038975 29.751899369269292 23.626852483004779 25.96404572158599 25.62572045407406 24.946156539933266 24.936378961002216 23.533675536533405 27.173342079352878 26.84066523481232 23.613410071153734 24.100930982549716 24.200834944340567 25.319026685930346 25.753650776002509 23.861472904537571 28.904413240348255 22.941197866639804 25.578863613866275 23.326612595597126 22.083305601631491 27.977550731881319 27.590413032727788 26.861231123981131 20.810872689936804 24.5194783099147 26.531250394479844 133.72406993359854 26.136244053565598 25.506033667998803 25.098075709356969 25.89802894987367 25.52820381885574 23.851122165541515 26.480035363300317 23.654156903732975 21.202054457714244 25.025143525076771 23.337233521684833 27.001460417319251 28.23993331350356 25.107663612272837 24.712500075689579 26.703702183123951 26.147282603522783 23.835315826942736 24.107309382663626 24.077044324517964 25.307532465967668 28.098255273519275 25.665019178907009 24.868632698885758
26.468362270805983 26.993452455732495 26.281363629385861 24.187000181965878 26.937859956348024 23.894367766297233 25.616160423691515 25.987690672292288 27.904362992158024 24.990056009513957 27.007711427482647 28.466216198287793 27.256696650138331 27.581615468090156 25.971579461641305 27.307024093645204 21.177089186153367 24.805995447886126 29.341931862326614 25.090710309257254 24.240669274344125 25.643374518540273 25.637217278385794 25.859938330076766 28.562197388695697 27.976354363613662 27.464831279130543 27.518442078626425 26.084873998807048 23.862101614136755 25.053955522395068 26.811659649838344 26.060556214291786 24.966386199896284 27.152079480292187 26.309263353763846 24.193472719273203 23.824406631148701 27.368209454424644 26.48756714483482 27.345843353972665 25.831828098788947 27.50006347322968 26.245661570163723 27.801153877763266 24.701078000251133 24.875675281809134 26.961184964383307 28.43965921078204 30.058684297129794 26.417259103323314 25.334467732293248 26.654247950081288 25.162656972098173 25.764513774028639 23.560821816912689 26.56494522066976 26.80583552341799 23.906913998000032 25.856443326651284 24.900687545039766 25.950528965378915 27.608777049172986 25.005043956892045 27.714402286133375 23.099908546341318 27.142301922358271 21.439499967324764 21.934979352729268 27.207591151006469 27.071614170022077 25.001417721078006 21.305922110734794 25.406822089275316 26.054539983708501 26.136244053565598 134.13486555864523 27.151975999280744 25.393652037658796 25.392969067771997 26.011646070329352 25.012087832680209 26.067142137920808 24.790918574967872 24.811332827188604 25.462260190043182 23.457375346424229 27.061938401055766 27.150363597973655 25.843634192913974 25.401362952282724 24.184409682422363 26.489223737195047 23.998720595407576 24.088938264036457 24.877472346303399 25.003157023877762 26.727168067741037 25.934341300638266 26.875264127711823
27.802326172169543 28.393431464293187 28.169412314968881 25.042896502310331 26.68528067573568 24.582439651098507 24.880051700557789 27.890429522886578 26.200097453504487 27.861364110520846 26.523720803105363 26.411076386849135 27.77907499470189 29.396007225305432 28.7745921051377 28.565670290163343 23.158455953773334 25.911557283103331 29.434730611976409 25.997884307945981 24.754086223925917 27.533916827579112 25.08966769826343 26.588110487956374 28.84267460633717 26.699936047277511 28.712025244062403 26.477564366695603 26.486522170589836 26.205005675121324 25.720832487487332 26.843480197175104 27.778943494003773 24.274140473174693 28.367066497196898 27.250472316826347 22.208327483409299 24.067245177039641 29.543360725708446 26.823184410051617 28.779224456223314 26.085206813278891 28.868080789539686 27.330290103911587 28.763728873709429 24.63727775141896 27.448866442448736 27.115618691786779 29.283414418446785 31.780959144416741 26.55469794920932 25.959591394910213 26.938271001392231 26.925426916419188 25.968025011867926 23.899184890043454 27.46897961551073 27.521690882851846 25.211737471709128 26.736042844817423 27.381511294985401 30.201696455758615 28.164315331723973 25.682090950195011 27.62901966213785 23.762790537192384 27.910520863183116 25.833386965895514 22.915040065447847 30.148919794694013 28.738511524989224 27.85957777045801 22.198314019791219 26.142443403699009 29.325776837875694 25.506033667998803 27.151975999280744 136.65511589903502 27.186436820384515 26.338034903752447 26.808026907006631 28.112690357026406 26.809309040851772 26.353508628991026 25.515051272490254 26.248710527619874 25.589768959442264 28.751058300539054 29.726597365737501 25.327498523501713 26.766953778396186 25.855543984603013 28.310308439945274 26.251538720104975 24.759594939698829 26.751638491309844 24.760684892268397 30.404587199596527 28.067125077136218 28.370838086071281
25.474873426284372 25.877889258350148 24.690937226109167 24.479831558626877 25.871229267930371 22.572692868321386 23.458254288135908 25.723773316969321 26.432260360272636 24.691624245010281 24.584582213197617 25.428996807277922 26.054474001430666 24.803931398610811 25.742893386835235 24.404095716991364 21.561958315092188 23.524907204083078 26.480084568044788 22.93651858656634 24.526341970268714 24.405112227642242 22.221312793689194 25.124323522246772 27.977938679232114 26.161053982088895 26.936676333987364 25.22064373431467 24.324853525453019 23.503170938976304 24.752556831280383 23.434462333423884 24.196878907229006 20.820428765001921 26.382273375201983 24.493241205508724 22.113113766577623 23.572108389203819 25.527400900356579 24.599538809505056 24.684693527834234 24.674983541827284 26.462433962553835 24.616194986541807 25.254247787529213 23.307230875206738 24.357469811936415 25.168235829921553 25.671270265027236 28.06008498084838 24.564706671080724 22.910564113026389 24.945171638745453 25.547607290329065 25.019029121881044 21.714296467866561 25.086124629267498 25.190710004678348 21.687265058972141 23.473146435861448 25.229855405745795 25.045417628525247 25.317855457811092 23.667719640959728 27.921416303875592 22.031746656282358 25.936649612060545 24.348716404862223 21.238918619165393 26.657413898767214 25.581953700825721 27.121180429350535 20.80648678511858 24.398978839945311 27.094902285459874 25.098075709356969 25.393652037658796 27.186436820384515 132.28338180403136 24.86872335780123 25.774465967675685 24.091506844711965 26.33017473565922 25.143950726609759 22.19446603157396 25.078573709737896 24.08132115367188 26.613386962908798 25.939148709127295 23.748051684124828 24.716581033182944 23.423961145082068 25.002673209826501 24.85220576344252 22.389345017320124 24.17564208118042 24.943766704621478 28.342802768061926 24.176858580654265 23.296671138918292
25.694378313978479 25.912409714601221 26.542849171761663 24.091654745831047 25.648426189682489 23.760499017551286 23.199611589412019 25.018619106023959 24.724419075706969 24.31674364581362 25.551864580910721 25.947662361673611 25.971187579345063 25.673434462914589 25.616066975741379 26.455292437661452 22.013764151723343 24.311438856604877 26.326677663769644 23.707509664712767 25.490839308239185 23.536491943143439 23.524526369581686 22.856152057979124 27.60315668486507 25.147426803148122 25.976256571803003 25.441848381595936 25.524567216706597 22.235231738814417 23.2411278440992 24.114921208422828 25.068242643540504 23.570814841515155 25.654243492635043 25.374310735229187 22.649222261438247 21.774469282119757 26.357944551687044 25.297236544093323 26.597618146701247 25.247941239722117 26.602071979895086 25.185736399482646 27.157083765929357 24.896956935781162 24.627318042909756 25.253748143982659 26.683048863228521 29.583320340161734 24.17226946289469 24.592611398009396 24.69199949208031 24.756317649963009 25.607506113664378 22.507603247352623 26.922109165310168 26.005730002847365 24.215423399949131 23.095877977757254 23.960554314751981 26.038877611047123 26.011735125864771 23.902788924565403 26.573062431156487 22.212296166989496 24.556906832182108 22.431710967493572 21.435213426370304 27.487561777982993 25.64236917410939 25.658375864819639 21.318844447258225 23.66114518222405 26.524934086437064 25.89802894987367 25.392969067771997 26.338034903752447 24.86872335780123 132.16631386871794 24.923987857014687 25.138260103081915 24.582454386633191 24.763349258664189 23.396177464594242 24.656268314903528 23.800385932778646 25.257337107169043 25.955604730053754 25.079694407965547 24.313544875804119 25.268495498993094 25.741202086584284 24.754380948469777 23.892722577195535 24.083695778606046 24.646378076408723 27.160352737291475 25.482861552844767 24.816389986410901
25.905892210871215 26.902847382516342 25.931038772846229 24.005190215056377 25.619659587492187 22.574146505504515 25.11708260007736 25.005639022316139 24.679013390270214 25.529086667794488 24.533187900521174 25.805117940977791 26.530893238032039 26.613085644108857 26.855241187959034 26.18180962107969 22.097867560682317 24.020839262667462 26.872230585005479 23.356100584800476 24.585033275985371 25.632263784475004 24.683913475200569 23.894759484218529 28.857832264620953 26.83297362113683 26.858139160472202 25.725725939277897 25.973379318001292 23.486053283310437 24.663099350679929 25.073377399273923 25.181304571233369 22.904804298855858 27.124706989178065 25.672134624947002 20.902053741438134 24.626550899776937 27.124666510504174 26.135729886160071 26.16854501974704 24.473071552173682 27.185999075133203 25.689001402794119 26.156150316164823 25.07589072211956 24.92789490757124 25.699682239641565 27.23978261625038 30.031608543612716 24.145983582405872 25.307680445120365 25.451551295680442 26.198955290769636 25.097509299737567 23.8342197353331 27.985845447051787 26.20630161381267 23.049318465620857 24.720369799719982 24.97621301191997 26.158058849284103 27.563480592552558 24.833431226562773 28.215202347506207 23.2225209558781 26.812328701685257 24.393250948807726 21.339429750805014 27.444245848286617 27.48321501832363 25.738050839276749 21.596233756721436 24.780050577486481 27.931510561871015 25.52820381885574 26.011646070329352 26.808026907006631 25.774465967675685 24.923987857014687 133.20195719106621 24.973114101154522 24.686725460944835 26.280611618671848 23.820166798307358 26.131707249953177 23.971718884892674 28.08224866799268 26.920773429515755 25.986071490868586 25.69379845600298 24.440849725442707 26.459469412622749 24.997487283902803 24.144705798382521 25.229998008820889 26.129200296785839 27.448953409508935 25.354166861109309 25.137167198143882
26.623158973313689 25.179090718854532 25.925713166981378 24.974206236748316 24.77246523138249 23.90880503053479 23.096688879608834 24.851940472946886 25.600592081636876 25.618754027152665 26.830788318316479 25.835736614809381 28.769219672528457 26.714628317726817 25.58957009892513 25.930411654607955 22.906843857787191 23.606473151142364 27.691216977952781 22.876755685798013 22.483179221185686 25.768950762077772 24.221048840031294 24.763428823391322 27.400633093931635 26.518436446671171 28.47091484654478 26.323698086751275 26.252798536513936 24.454688342572577 23.983268940849928 25.630310593775416 26.569032712315007 25.574174150755503 25.966834661724771 25.877234607481117 20.605178394133468 24.529178735083459 26.508889800377499 24.777469432763002 25.943022381233362 24.96228899096592 27.057860805362356 26.68826724837275 27.182524872039764 24.004996578639595 22.560168163954817 25.972756347643685 27.881160778218582 30.80475033130141 26.124020344407036 25.155183649141112 25.294998548230168 26.302198187260114 24.329569980287754 23.620896992206369 27.250278153021519 24.311403309560458 23.59625390032469 24.705805427947165 24.976433647049475 25.571118115190977 25.118382452446689 24.528184840876683 26.672309666478316 22.920555886031828 27.116400520323303 25.635114915845847 24.115911984494623 27.443658260706769 25.792305387471099 26.526332129002036 21.606175848978982 24.766860454039559 26.812076410423156 23.851122165541515 25.012087832680209 28.112690357026406 24.091506844711965 25.138260103081915 24.973114101154522 134.16256708154248 24.825971134269718 26.133806353410471 23.764135036548691 26.686130858647665 25.140797229408172 26.17743142142189 28.603074649899735 24.017112164533799 25.28180697524531 25.768211030523133 25.954628950841066 24.508572545288658 23.944091724511509 24.719742482583506 26.126652944342077 27.406743299817251 26.275960697114247 25.439265722117657
26.595309828962403 26.245508961581297 23.664812150000177 24.820350283822975 25.873268526244214 21.846259867140965 24.622568065124742 25.998138417106656 25.834562708449699 24.478037023173385 26.289245990948416 26.379218691597238 27.930543990152419 25.733519159858066 26.154316317640518 26.213635102044634 21.336115777800426 24.887674350987446 26.512511735695664 23.676196096392111 24.093638941265798 25.177503301263016 23.346927078803748 26.05242302274166 28.528007983825276 26.812600050223494 27.352163845353431 25.659283887532652 25.759917044945652 24.898655740318528 24.158772657824436 24.589771817076794 26.794370591041481 23.45936686831023 26.723274924746139 24.996069885036796 22.399564067938609 22.899362261436934 26.589377688428694 25.619227450890914 24.827899800029105 24.965095241928815 26.467283723385044 24.089798530835047 26.181635845449122 23.875991378507305 24.316896279350551 26.084700219856163 28.127248997505795 29.060150161221422 24.189216921949946 24.560377480197836 25.060026876269301 25.348260994184198 25.906298422647478 22.71251518222989 26.821441664155973 24.809399285429009 23.244378717298183 26.128143754501735 26.894586668380647 24.575462063562494 24.606694133331828 23.957536369134324 25.718998262449912 22.520963483800333 25.24890530430125 22.250459728844074 21.963341543423279 28.837304487746277 25.873398894132571 25.945133147398575 20.930119677512529 24.676208137588695 25.859878473561839 26.480035363300317 26.067142137920808 26.809309040851772 26.33017473565922 24.582454386633191 24.686725460944835 24.825971134269718 133.02698859535235 25.427952340824248 21.019934832303701 25.990807226962382 24.559629673823991 27.799059071891225 26.83117526563851 23.536461167971275 24.101193268896157 25.441080898603186 25.994017943794741 24.863641804255717 23.492116562008299 25.12510303020904 25.178751421772212 27.668886212474909 24.610921750702179 25.436824951561238
25.079588367983298 25.325715373662256 25.745949282478634 24.201664228986456 24.806440081431429 22.455484563255329 24.263213184410859 24.377832637077542 26.712536870938973 23.249462522766397 23.581836679945507 26.083153562521517 28.072449617975789 27.12835482357244 25.954587359700369 24.599965027899401 23.39641595299036 24.679675373696732 27.081533525829521 22.861743587789153 24.374232649987757 24.203890095462707 23.859087856755067 24.614678748980268 28.111480082519947 25.810694513555717 29.221697318102368 26.033741629248858 24.67206295257969 23.404884399430571 25.875586842579814 25.760721934029647 26.469836453480163 22.995062862738475 27.669065427957822 26.771903162070448 21.141486950525948 21.933551973742986 28.285811635791411 24.374237660261841 24.970422794153475 24.948872275917008 26.534692011089312 27.369401996757848 26.813343183679514 24.246918389910068 24.21137349638018 24.668028012490879 27.417618762489244 28.840039150930117 24.296483343747241 23.272797533318759 24.45912655005742 26.170792946558397 25.518318396803501 23.952491671727017 26.988434688441135 25.12534064249213 22.994940349523649 25.771494620055556 25.011741327394507 25.737718191148623 25.298813925209945 25.032524141078593 25.539098906788659 21.889103295533786 26.61831296998341 22.516287215104718 23.163900884801816 27.16507109481455 26.298582503990314 26.165220751368679 20.645775082893767 22.690209139067242 27.412520817512508 23.654156903732975 24.790918574967872 26.353508628991026 25.143950726609759 24.763349258664189 26.280611618671848 26.133806353410471 25.427952340824248 134.58881627199116 24.617533728141932 24.823324896046422 24.405843865468242 24.795878787487865 26.177092491162494 25.607190335747354 26.017373430105593 25.74835669787759 25.303079624325601 23.786498849682037 24.52131460952938 24.883403820401348 25.233596396019536 25.862527095972865 25.855966880077755 26.674402457125201
23.471894134319825 24.550075768660779 23.795090014050555 21.327750075844516 24.57885819932681 21.419142371529443 22.070908070648038 22.791950566582301 23.340309237527574 24.897878876922576 24.339947848684591 25.434713454287348 24.739294013418782 25.47318243787489 23.607301986304247 24.166129571296988 19.117636787403278 24.070673300914333 25.752053539282059 22.852952145358895 20.549060611135218 23.403501398541728 22.610776725233585 22.810304614429835 26.374818993864864 24.461047462459533 25.109315891561472 22.506811019340468 22.637890569078628 22.253514280534581 21.347588590498852 25.891538228300622 22.972328639113286 22.708448378474415 24.65184774646351 24.395516299358761 19.484685890083469 20.000678875002169 26.286014838215667 22.560125341122021 25.063662128291142 23.221614560021386 25.355294064219162 23.898313435027944 24.601957395308968 22.594509682485114 21.115731431721862 23.65208451344494 24.5336546547952 27.06454700831079 22.25340611661073 21.246663760466195 22.767777686946111 24.733425521099349 22.701826696555969 21.552509249637954 24.392280692440195 25.27337872377004 21.961046134692364 23.269623214597207 22.320579633139548 23.61033074295829 25.268538152261659 26.075035133237769 24.90022527481641 19.148172607661802 24.864909861564026 20.457849533819569 20.32500111399327 26.377250040672646 25.49687051960554 22.709829420454533 19.389746193904543 24.292549167005703 24.178077169360741 21.202054457714244 24.811332827188604 25.515051272490254 22.19446603157396 23.396177464594242 23.820166798307358 23.764135036548691 21.019934832303701 24.617533728141932 130.40169778096833 21.870264160265901 21.4227232846834 23.58815823221158 25.060903547397409 23.165647649482043 22.956832739709554 23.867520289684443 24.191967225798056 22.99367031225481 22.663303473237971 24.014060647311993 22.13693489930235 24.749400356987188 24.164825542218153 24.766691259254078
24.651367807192834 26.720502517289034 24.393862718617701 24.710043602659301 24.78070162260137 22.955753959776267 23.869827782731196 24.721336388790004 25.520592995863009 24.792131446977603 24.582945966161581 26.209988011707129 27.835187368649741 26.359203025652075 26.058316358526771 26.064834780527679 22.498140644878301 25.063118167232012 27.673255762924427 22.4041358247059 23.963338735524371 25.777327169143717 25.237875748791577 23.744168182436212 27.741385167452162 27.257031903525412 27.926960739915778 26.684264227928495 26.677527888427342 22.953395425090104 24.531340743953262 24.677945717731998 25.528173171242436 23.714489371887684 25.602140597854845 25.354484261319762 21.252021493669112 23.656945992364157 26.941446346097763 25.038296358481112 25.390217988673623 23.933350062947095 24.884278124236609 24.496803480534521 27.059308411940602 24.402401273114595 25.42774885544819 26.099981214654495 27.028606374035135 29.732424576571912 25.963971309016255 24.603966108359511 25.328233848924686 25.807258358536966 24.275628707644497 24.090487849109891 26.676712487345437 24.641960860090926 24.001807250322031 24.58197015512685 24.718758313986761 25.451434062350714 26.294997004277292 23.494541049322041 28.215125991473165 21.405815865343865 27.249456982423862 24.322802911270117 22.131936538953383 26.440122974820699 27.224731825382737 24.133861896784516 19.78477718981398 23.870066594759397 26.317134958980571 25.025143525076771 25.462260190043182 26.248710527619874 25.078573709737896 24.656268314903528 26.131707249953177 26.686130858647665 25.990807226962382 24.823324896046422 21.870264160265901 132.85819640452678 23.571158875766145 26.628576764556819 25.600968257566425 22.669857746791699 25.565138427839493 25.840036703315032 25.503929276249888 24.014907698913653 24.119475120499075 23.392327491218207 25.841270347806656 26.962052189058461 24.210838287999291 25.811386576143679
23.773725487986365 25.322959799174896 25.68598071012876 23.598226116086117 25.014383379694458 22.243342759405198 22.463859558484831 22.021843970646966 23.261713596886352 23.315575348489844 25.289703781753534 23.805465749288409 26.136581250634993 24.512945976565106 25.962913999389141 24.440267854240606 21.452051830726798 22.756231303496524 25.507152638796811 22.435708802381662 25.258359513719864 24.314336087361099 22.671999510999783 22.805558772113685 25.898492227035863 25.015021957206343 25.879756960029287 24.211678304233619 24.425678049590307 21.818827123827081 22.198564498390475 22.670140183241202 25.664404985581456 22.837298156272393 24.438200349800326 25.112117090213339 20.676181728023042 21.796647674287506 26.012319092842578 22.757144779114942 24.330276326715044 23.472906329539697 25.773603546350401 24.201028272330383 25.103290670558348 22.8784721932794 23.12555027328656 24.288024357069297 25.603791805415888 27.790154771616681 22.456710502568789 23.343417673305677 22.170473248785793 24.817657932673516 23.217761007692037 22.817429644179921 25.997094321836013 23.79760143752571 22.301386754666961 24.100527568028479 24.807306494031927 23.608746873851157 24.073489931486925 24.531782898084316 25.92251743462155 22.335114554994192 25.063559833657866 21.423771060173735 22.083408428467319 25.579840484412713 27.029494290849563 25.461929271401399 20.400576771021981 23.989470645715752 25.306960946461839 23.337233521684833 23.457375346424229 25.589768959442264 24.08132115367188 23.800385932778646 23.971718884892674 25.140797229408172 24.559629673823991 24.405843865468242 21.4227232846834 23.571158875766145 130.63181907763237 25.84094819487326 26.444446072346938 22.260168240226854 23.120860744860657 22.515247577141036 23.136026277902531 22.300734912706591 23.428548746956679 24.181707626891079 24.647783539297713 25.625462548782146 24.354797679311442 24.129939361141858
27.736476246147976 29.246826363706973 26.125667121544872 26.247078151641219 28.108768567444091 24.901854409431888 24.73297077225849 28.643217409589035 26.586583642872927 26.35291756685956 27.956459756857463 26.397286006823382 27.905769114981542 27.596194717628183 28.640712948423534 27.110363502800414 23.430093918974126 27.635818768826372 30.048080606804568 25.145155525968114 25.665230260305446 27.048795297104572 25.148263332145159 26.824618064406661 31.345661993051387 28.335372697639226 28.364740747133791 26.659060735100393 27.82959147378552 26.670620793381048 24.657661787506562 27.340539613293366 27.059219367868764 24.367443770516012 25.877350262375483 27.669353283821263 22.242124033457866 24.17101241637604 28.067612938306489 25.688887798869612 28.125071864240976 27.418554094488606 30.16079420531246 27.004120260583353 28.541938150573252 25.077458838562404 26.034950660199051 28.887170789356553 27.601136531951433 30.637583045251457 25.202908669882945 25.838098601801615 27.742667563803412 28.46134640698082 26.551423280922791 25.265046943910054 28.901578734927213 26.552276006825668 23.347950252149708 26.263760771681337 28.02183508064762 26.849242804268005 27.063856882682899 25.452901528631362 29.473485170651699 23.72560932429225 28.688314853358388 24.976522193757386 24.600949649645052 29.297550362246771 27.832601792807274 27.723316136766172 22.900246687198432 27.847232303052504 28.311920793403601 27.001460417319251 27.061938401055766 28.751058300539054 26.613386962908798 25.257337107169043 28.08224866799268 26.17743142142189 27.799059071891225 24.795878787487865 23.58815823221158 26.628576764556819 25.84094819487326 136.09233340627543 28.170622248186547 25.332503315057181 25.590448105148713 27.137232275124806 26.583773185949827 26.196868734260139 24.12354358580204 25.522373372960079 25.903972987818563 30.345007510467045 25.770065013927006 26.824227158667949
29.017433493137823 26.511942394883107 29.12026791014425 25.638622335675677 29.648297796722709 25.425681643744475 24.769615744198607 27.347776579956449 28.25565448823119 28.423263511356929 27.685026281955928 27.279666538923198 28.725224920066566 29.070846233639834 28.669383731240014 28.525051152009482 24.919722830378809 27.157734345462138 29.767768097195653 25.575170718254387 24.954096446167622 28.429770432349574 27.346267435554921 26.021181844191311 30.737464872011021 27.217661269959581 29.933180439940401 27.504653617634492 27.402928140293579 26.059602566749675 26.454702274692742 26.489386117550936 28.487150576405249 26.129242587960857 27.626645265295405 28.670130828957394 22.235004511551228 23.886336578801988 29.974346106915117 26.756085426656917 29.327663172062461 27.581081357248109 29.194229579087487 27.460580812046267 29.50310067842651 26.743775396203098 25.794197570321938 27.665180032866701 29.010072108690128 31.800381426646346 26.369719498771772 25.667877231797686 27.569880259943687 25.243561384176008 27.517996716554549 26.328444869784175 30.435402560267097 28.386479344907013 25.084081538653457 27.666939808402642 25.638990236888144 28.607264607604485 27.526551726178308 28.193757888671307 29.670891585406526 25.277676080324056 28.898641224598453 25.390434662274583 25.652460649321 29.728240049249177 28.898492929645187 28.797950173990632 23.290298178165923 26.714178629938129 28.360504673119369 28.23993331350356 27.150363597973655 29.726597365737501 25.939148709127295 25.955604730053754 26.920773429515755 28.603074649899735 26.83117526563851 26.177092491162494 25.060903547397409 25.600968257566425 26.444446072346938 28.170622248186547 138.01254223216711 26.9599695476231 26.891990133797101 26.872011585497969 26.771932351106908 25.479289364475829 27.101812478034251 25.854872542331918 25.558947374979471 30.191805024565621 28.956970650686191 26.840616129659736
25.849624233475517 23.835285566653013 24.066990428904692 21.96677016656772 26.034272136361732 22.280328759243847 23.537362325787381 25.141292030885275 24.93688145289558 24.724754560772155 24.477670458591572 26.090594018291341 25.420084619459224 25.623985859599639 26.113906668799761 26.177589311564258 21.900231712313104 24.608150722964854 26.400922068123844 23.826681961850387 23.746374289484759 23.859115468647961 24.319895346475302 24.096494031355217 25.984806751035663 25.066529720920371 27.478292930690994 25.515351288264544 26.16908924263695 23.872087657875788 23.335945450107438 25.663156369590283 26.774231054663261 24.456290977356552 25.41475209169133 24.854367620029642 21.637017321960865 22.60229624814809 26.89291564131862 23.865038274322924 26.157025949479465 24.106212222764967 26.1138151528938 25.51879711663284 24.804268130928708 23.641103790258381 22.116264176815754 24.67266140865096 27.580514905531093 27.224445336482191 23.692608470001353 25.04158563588976 24.822548852948508 23.799099533185949 23.529840238217705 22.452452183748075 26.247410829977721 26.556633112693547 24.686099697484675 23.813822315701319 24.902401688081024 24.636197506682667 26.190208430114073 24.462592467300475 25.097554056990372 22.362737725082358 26.122323214174365 22.125082585478104 23.094669310112504 27.564871287985046 27.128780784618872 24.627259636471393 20.78236926030716 23.500997777477824 26.567621054418847 25.107663612272837 25.843634192913974 25.327498523501713 23.748051684124828 25.079694407965547 25.986071490868586 24.017112164533799 23.536461167971275 25.607190335747354 23.165647649482043 22.669857746791699 22.260168240226854 25.332503315057181 26.9599695476231 133.17069210854606 25.75127588963257 24.262496313632052 24.807951161843025 24.6084263524188 23.39410637392572 22.595375704723232 24.27452077795979 26.98004412431737 24.058132354235344 24.703521810399558
24.678383570085916 25.731248014549539 25.06085376762103 23.918526935270723 25.516638087599148 23.098832893799425 23.262934059032201 23.74240394574996 25.324324449448259 25.540050948024451 24.241535343448692 25.762115075984376 26.129325017734111 26.37909221714089 25.273853496156811 25.176929954743226 22.251117418153054 24.790702907772765 27.628720125181971 23.123762955685255 24.903503298292321 24.657428997508504 24.614985090336511 24.641156533413245 27.144499966463258 24.777352850903892 28.73387281884137 25.689388919582818 24.699036975951827 23.386532332145944 23.053844402502953 24.840107148787467 27.237128412278807 23.791573099730932 27.074959816180172 24.48995138945633 19.755292646533096 22.782856655517541 28.219013222952995 24.071440834414336 26.497368390435149 24.703426478792924 27.270221976288596 24.581297723301656 25.596104205634372 23.788637122614368 24.406672576678424 25.887560870644037 25.676938329833167 28.340260399925445 23.836543800632402 25.016145580873051 25.627562786401626 26.014810572713507 23.581670922137516 23.832858910475757 27.338898815875538 25.910785478018926 25.041395682872647 25.708775510192105 24.399764633130641 24.574774856960108 26.277255319108956 23.610667757697364 25.5074986616589 23.381963045708222 25.969490244657699 22.802593708772097 22.269368041766448 27.486186514141146 26.115352185295841 25.640052170701264 18.596774532097861 25.586955700014229 28.231372738226362 24.712500075689579 25.401362952282724 26.766953778396186 24.716581033182944 24.313544875804119 25.69379845600298 25.28180697524531 24.101193268896157 26.017373430105593 22.956832739709554 25.565138427839493 23.120860744860657 25.590448105148713 26.891990133797101 25.75127588963257 132.9359031196536 24.799978701697512 25.669819905348159 24.429354484501534 23.040618825084803 24.337587022371959 24.565277710382023 26.15870089582549 24.839709800310601 28.035736363588843
26.70989731681712 25.834016454625878 24.84886398364549 23.893279027074303 24.748035328876586 22.326275525071431 21.835048629451858 25.136470952091035 25.11356599579246 24.664473438993461 25.6364132932076 25.674171035462845 26.515135354661524 25.093122174561955 24.970543936270559 26.254063283590614 22.592740155175132 25.765506066714458 28.122855125046748 23.255467627139684 23.985616284941251 24.737849965429309 23.204288782272709 24.178519523983393 27.187561952914105 25.703296364170914 27.309618002252048 26.24402422520166 26.280273010069763 22.298153207965584 25.519203449283051 27.447326029071647 26.194261765427122 22.987277947940846 24.058184039536478 23.66647787431717 19.43774669162265 21.16022137566479 26.289024190753956 25.488301666390129 25.674776113931173 25.885827305688203 27.2523473395445 25.37562438156851 26.468143163486605 23.093716666805193 23.247479014249127 25.94920585942781 26.609694291039524 29.044994011329297 23.833097774378384 22.930553745693832 26.2958129709817 25.305905954958391 24.669420799390938 23.765065891696445 27.254187055097884 24.127603211615714 23.287499180359763 23.298955988530764 24.042890624262782 24.847534572240175 26.254025026247604 25.115091923992779 27.050679515817389 21.035627441811975 26.651649024771711 22.882661847146153 22.889708960990124 27.647800168976676 25.756513181412004 26.738945300514175 19.931627947511586 24.357133557447529 25.343920369808124 26.703702183123951 24.184409682422363 25.855543984603013 23.423961145082068 25.268495498993094 24.440849725442707 25.768211030523133 25.441080898603186 25.74835669787759 23.867520289684443 25.840036703315032 22.515247577141036 27.137232275124806 26.872011585497969 24.262496313632052 24.799978701697512 133.61245651777028 25.877056989571297 23.350238214527092 24.713729148683338 23.650283719554515 25.251283636592785 26.413207756235391 25.723704178150324 24.968064423109922
27.394973922750488 26.142786459671822 26.684080047112733 24.706594115377719 27.400333740185236 24.272755030000244 25.00802795107295 24.890251626421538 24.595226848543525 25.492028340373196 28.052682794388584 25.992688921867188 26.59952198336412 26.297684682216953 27.448403842035937 27.491779269909067 22.679666264219307 24.837834445477096 27.964334554455473 23.989950903107694 24.286083346261755 26.077455124464198 24.787011532511613 25.29127708182121 28.31802206405462 24.703250083720924 28.181691975580048 27.114452065736145 26.094930129470406 24.26013952171234 23.799818730088489 25.915722871954408 26.80847483983764 22.866703106920433 27.363044430771254 26.130681152830302 22.48391828914923 25.097860938046257 26.844756953908263 25.831638366694271 26.656997108652309 24.752680773933257 27.635459151866382 27.126630662557272 27.414965171742541 23.032569375967061 25.31932538395986 26.817710146400863 26.978093965732413 31.002666065456886 23.580233302706546 25.861872002508612 26.208700297132612 25.35639099198276 25.633278744868967 23.849062502371826 27.964766627935287 27.791701123017173 24.342057233383922 25.971154497293387 25.58665773761814 26.489923129696759 28.244509534220569 24.91108858926405 27.303886365975494 22.884882057959896 25.914856552190713 24.770958304343253 22.135973745063936 29.141138932172417 26.908922667430961 26.158425013193526 22.60007481554003 24.668365775424263 27.493359124733193 26.147282603522783 26.489223737195047 28.310308439945274 25.002673209826501 25.741202086584284 26.459469412622749 25.954628950841066 25.994017943794741 25.303079624325601 24.191967225798056 25.503929276249888 23.136026277902531 26.583773185949827 26.771932351106908 24.807951161843025 25.669819905348159 25.877056989571297 134.30345583027378 23.848024524405236 24.137964054686492 27.41360377269994 24.765465861904314 28.206999055336407 26.477155488405966 26.245312160037901
25.980625013112103 24.893198608241963 23.534462506913876 23.535508193744455 23.68292351962835 22.642339807543436 22.654274926766497 23.456206803529877 23.420306300281521 24.321226001844742 25.084228870252307 24.373385354227484 25.749513391106529 25.210500430377174 25.108093467867956 24.530653556732954 22.729760489851348 24.617085412200311 26.736926299508614 21.540540682718866 24.05284570563893 24.632144708991895 23.264607594809945 24.063501053600227 26.824220494025536 25.153046004137305 26.837030955810235 24.082040476247876 25.409384918257931 24.48744997813202 22.893241812738108 23.119838507691234 24.819936061764309 23.67910276369561 26.065216575916846 23.709718275124626 21.571365060001554 20.247238711947045 27.147796866559105 23.424606963399619 26.280971945504799 24.510299368818824 24.079750162622243 23.595734348996579 26.33782672258873 24.053622892466429 24.270168747394909 24.861692719708895 26.449273953831245 27.621135131209698 24.377798804508053 22.614513385877444 24.291829794705244 24.260186507061945 24.636933093188375 22.312100407815777 24.684616810622789 24.149999455728221 23.352856268124196 23.67095636944202 24.543661115516738 24.817644593609362 25.12527343788971 23.282686171059453 25.008302107298281 20.729201952693572 24.520939498582518 23.316485017508327 21.453632964336336 26.767768405277227 24.252961816231235 24.875987214725356 20.083742733164097 24.458917803597611 25.082161146055686 23.835315826942736 23.998720595407576 26.251538720104975 24.85220576344252 24.754380948469777 24.997487283902803 24.508572545288658 24.863641804255717 23.786498849682037 22.99367031225481 24.014907698913653 22.300734912706591 26.196868734260139 25.479289364475829 24.6084263524188 24.429354484501534 23.350238214527092 23.848024524405236 130.93272499449006 21.689522308230295 24.111689490422407 22.984353919848537 26.970114295959949 24.867311729055459 24.299601108532077
24.513165179460611 23.87349041138134 24.983375445678213 24.024513098628137 24.94763517547468 20.416085798026437 23.538851671255504 23.963312270763918 25.090492293332385 25.045479441306973 25.358574110980491 23.524504313762325 25.582321294997175 25.849613025571806 24.88090520608214 25.124221087446525 20.001874079277407 23.546623084408616 25.155239616603108 22.153126286983522 22.844985382310625 24.6452164609282 23.652219727404564 22.796114352683407 25.391944432695855 25.669027625233003 24.725348218447994 24.108443075566509 25.157504469448671 21.718184067937461 24.186907670783789 24.124563634551581 25.11288086931615 23.760045979440992 23.755106181814693 24.272386818131878 21.248892258332859 22.621586418994447 26.062659835277824 25.126516380763309 26.195315502513655 24.069920834333725 25.636737783894713 24.483045352856646 25.051595941776096 23.427994664016293 20.5239660170256 24.030913292782007 24.224341960940031 28.679214564884202 23.551098379952133 21.269808067268269 23.174786016374231 22.862847626892638 24.392270885470907 23.278036832812116 25.596748854378177 25.109347622679877 23.965543896624876 23.683184738389773 24.170491893432249 24.929048447872983 25.653290896214923 23.912361458289137 25.192795929266676 20.726502404390931 24.025353937004965 21.472192797645473 22.29559258238832 25.46479772751216 25.637202346774629 23.472506665179726 19.76309049882914 23.531785335307106 23.073110725026922 24.107309382663626 24.088938264036457 24.759594939698829 22.389345017320124 23.892722577195535 24.144705798382521 23.944091724511509 23.492116562008299 24.52131460952938 22.663303473237971 24.119475120499075 23.428548746956679 24.12354358580204 27.101812478034251 23.39410637392572 23.040618825084803 24.713729148683338 24.137964054686492 21.689522308230295 131.19593755256844 23.642277847879793 22.626417208064229 25.769674315620804 24.494570517717868 24.729554757611897
25.08562096567093 26.622232628236439 25.134277588345725 24.235394601875139 24.320267086591617 22.513614592427825 23.818685150383896 23.061594655282924 24.610786115989892 24.49395581153323 26.200242725867955 24.599480113936625 26.786866266747822 24.914165002193382 25.335619798182101 25.573769114055054 22.382619107013912 23.066994776177086 25.530047165712507 22.534633551780324 23.485097267089781 25.043419519689621 23.063352991091623 25.14732896891762 27.530500868496937 24.257544026897676 26.135807151713006 25.578218609149836 23.936647098618757 23.745604530381563 22.654225487480431 24.525384636549088 24.47992559195761 21.520677675894895 24.474019412537032 24.891703998232163 20.963681936554568 23.60198672891547 26.105874086064894 25.012666856491837 25.43765407287728 23.959133817172781 26.585728394840903 23.788330012797338 26.013830537729358 23.262092991281072 23.309271507740885 24.452586602197098 25.211001171709043 29.494517702659611 23.451839337176771 22.359850858458632 23.414508899111215 24.771370386793475 23.939840891839967 23.920419927515688 26.005108580949372 24.36337405772419 23.062272416742974 25.512996420279684 26.295628604108259 24.630426574324158 26.302761023065703 22.536455503858239 23.933524362307963 21.273777826147676 23.631882901856997 22.195134274080655 22.820723084615366 28.06794320743311 26.228427951831851 25.873561046437935 21.121149245908079 23.580497646578014 27.1284699616699 24.077044324517964 24.877472346303399 26.751638491309844 24.17564208118042 24.083695778606046 25.229998008820889 24.719742482583506 25.12510303020904 24.883403820401348 24.014060647311993 23.392327491218207 24.181707626891079 25.522373372960079 25.854872542331918 22.595375704723232 24.337587022371959 23.650283719554515 27.41360377269994 24.111689490422407 23.642277847879793 131.73980896123905 24.494522012607565 27.068165649754555 24.986609338925632 24.32478303790057
26.40559693067414 25.322925944137982 23.863116786008241 25.042626936883064 25.161567248158764 23.098647619410638 24.701208616262193 22.393291680339331 25.500332816066258 23.195488845296623 25.395336145842574 24.902079139740465 28.557144563503435 24.942095315073963 26.267134003310407 26.182557710056734 21.860811529231345 21.957206929205089 26.840561707066737 21.49237441351212 23.373904636055251 25.043450947115613 24.229857299589568 23.916508069918343 26.806406754098546 25.995737366522985 27.763802357280948 26.688446760550175 24.748618733866262 22.512560234249406 24.228198471904083 25.108186021150452 24.754395581942294 23.420461998224443 25.355510061298606 24.954059565422376 19.644813589123672 24.014045507459738 26.443631774801435 22.840764988909289 25.427157272779233 24.764097622529075 26.661294048206042 25.334605837387421 26.450693261743911 24.63698189295571 23.294150129655399 26.316732798018354 26.938583466378898 29.506965193640134 24.441426902323769 25.028966029359157 24.911560445591324 26.918135326724286 22.77465060601709 24.468306010523619 25.4211231554291 25.343626431116405 23.180946787892054 22.920802066643994 24.256111820721795 25.48107181383104 25.379137389158828 23.637335457901411 27.636717154275228 21.920388944951867 26.484304027493184 24.779394196565004 21.520132628371879 27.210107818548359 27.70136401994937 25.927653294015911 22.154795985455927 24.208650499818972 27.227492405475978 25.307532465967668 25.003157023877762 24.760684892268397 24.943766704621478 24.646378076408723 26.129200296785839 26.126652944342077 25.178751421772212 25.233596396019536 22.13693489930235 25.841270347806656 24.647783539297713 25.903972987818563 25.558947374979471 24.27452077795979 24.565277710382023 25.251283636592785 24.765465861904314 22.984353919848537 22.626417208064229 24.494522012607565 133.38617524982163 27.365231008865781 24.580961656016573 25.209320784442543
28.613679313225902 27.29807535610804 27.737339175425515 26.881757648756157 29.526469414911166 25.336491905875683 26.090815135480952 28.283202785806679 28.421941266008449 27.302644692719596 27.752441634119311 27.217071497800628 29.710750558492133 27.112900753066572 29.989277013134856 29.392079341425664 24.887129842920626 27.169987234036054 28.935992265323861 24.345252824528263 25.9267808132231 27.529332765981778 25.618802184075374 27.45899758125514 31.42824221373662 28.578950051946915 29.814812574484836 27.436229370044678 27.428974574786352 27.395740110703493 27.769410367343763 27.40419273260423 28.552183320173626 26.280839621122237 27.239752083891645 27.861838959832617 24.599418872914214 24.815530284810372 29.005732653149529 26.344025128997373 29.545778312594219 26.70671350564086 28.964665780263413 27.784552565622448 29.768580040907484 25.598665357912672 25.33288376447063 27.758019600891188 28.380780457020229 32.533002824811803 25.129061730903334 27.417154786708746 28.074975732160656 27.107766097658725 27.041093122437154 25.914170714739488 27.593868245762149 27.574756709582282 25.933305437780938 27.986399570343441 28.753615060169896 28.970830295717324 28.525647360241148 27.048058292412513 31.108921292164695 24.854997293470763 27.989483517398494 27.592189573981667 25.377716689720007 30.530560843574325 28.875427963645059 29.788075916428888 24.321198614422169 26.935828260738973 29.597343361844867 28.098255273519275 26.727168067741037 30.404587199596527 28.342802768061926 27.160352737291475 27.448953409508935 27.406743299817251 27.668886212474909 25.862527095972865 24.749400356987188 26.962052189058461 25.625462548782146 30.345007510467045 30.191805024565621 26.98004412431737 26.15870089582549 26.413207756235391 28.206999055336407 26.970114295959949 25.769674315620804 27.068165649754555 27.365231008865781 138.24225524277165 27.472672971060089 27.034106602843309
25.576025330833911 25.231871573281229 24.997473341710574 23.701991757608681 26.145484984553221 23.153575008592767 24.739320375787276 25.33241756523908 24.203217405357332 27.342823417668829 25.298054657592957 24.589494611898857 25.647316864133415 26.284348958219844 24.532979195853034 26.147111960962192 21.490202844092558 25.400604921852285 26.96202746353805 23.714040900737878 24.400383246925863 25.558081209048606 25.307430583844837 23.256915682528408 29.159487477416725 25.128912355108994 27.66734785907456 24.718184149993387 26.648429481209849 24.337439797664011 24.863930447627006 26.903873201074461 27.620962851499662 24.013449980001838 24.813402428111011 24.948864413093272 21.538988057918377 22.733445024372539 27.062727560285659 24.818817894704967 27.133784163728958 25.109297896804865 26.820944325352599 26.360248467556975 29.032699304255647 24.919972514789283 23.211382999059001 25.727420271941632 26.270692233839405 30.301166652134992 24.429196672525229 23.59116205004095 25.228751855448692 25.364013773685755 24.206783057230567 23.346918768655705 25.656113270654377 26.917267608183948 24.725592314803102 26.579682350487168 24.794837602216138 26.660055577984188 26.445497861999382 25.27918557340076 26.847129185769141 22.871443852784527 26.637346326134534 22.70216259948484 22.093727069324135 27.699083604773282 26.383786360151905 27.805905007556625 20.936371788879413 25.395905212152591 26.217117068069818 25.665019178907009 25.934341300638266 28.067125077136218 24.176858580654265 25.482861552844767 25.354166861109309 26.275960697114247 24.610921750702179 25.855966880077755 24.164825542218153 24.210838287999291 24.354797679311442 25.770065013927006 28.956970650686191 24.058132354235344 24.839709800310601 25.723704178150324 26.477155488405966 24.867311729055459 24.494570517717868 24.986609338925632 24.580961656016573 27.472672971060089 133.50022566216606 25.339619208750019
24.837789627300506 26.338450322334229 26.339829749687816 24.699645261333952 26.211427962969168 24.295457220681893 24.311824599751365 25.577810913449699 25.688996287965924 24.190334123851077 25.905745816580446 27.239387042879851 27.388446742179802 28.194960860714598 27.148720968231171 26.371229462537833 21.865991687810617 25.792722954624903 28.716075043884604 24.292359210764289 25.237759126176147 25.259521901750816 25.009091723667868 25.841787834690656 26.253116271416225 25.725806340466132 28.102135123759354 26.363781068410997 26.4344800805688 23.352063371024098 24.227836512845915 26.332132713156756 27.304294455948995 24.652566965279803 27.674442888754452 26.435917968429081 20.52875933439482 22.992630840255657 28.582487009060085 23.65830280735366 28.119646205237313 25.903338149344929 27.15496215813188 26.083144548481268 26.942613389038172 23.377642521376998 25.393230655801304 26.752343125398934 27.06003963679203 28.466286419544574 24.764426659067087 26.091628065370109 26.111518986998146 26.573978919176874 25.704667353109251 23.983833278585454 27.222932755201395 27.1483211731042 24.824352992424782 25.184857678184144 26.844222535035502 27.031488849466008 27.166441260229035 25.341504313929583 27.362311989102743 23.570799994958435 27.76669302151975 23.41457686926185 22.446907040735905 27.346781245249165 28.031265464417885 26.118407113145082 20.414219961338155 25.083274051460499 27.63716846231047 24.868632698885758 26.875264127711823 28.370838086071281 23.296671138918292 24.816389986410901 25.137167198143882 25.439265722117657 25.436824951561238 26.674402457125201 24.766691259254078 25.811386576143679 24.129939361141858 26.824227158667949 26.840616129659736 24.703521810399558 28.035736363588843 24.968064423109922 26.245312160037901 24.299601108532077 24.729554757611897 24.32478303790057 25.209320784442543 27.034106602843309 25.339619208750019 134.02465737345605
